power_output,radiation,time
0,0.3,1534712400.0
0,0.2,1534712700.0
0,0.3,1534713000.0
0,0.3,1534713300.0
0,0.2,1534713600.0
0,0.2,1534713900.0
0,0.2,1534714200.0
0,0.2,1534714500.0
0,0.2,1534714800.0
0,0.2,1534715100.0
0,0.2,1534715400.0
0,0.3,1534715700.0
0,0.2,1534716000.0
0,0.2,1534716300.0
0,0.3,1534716600.0
0,0.2,1534716900.0
0,0.2,1534717200.0
0,0.3,1534717500.0
0,0.3,1534717800.0
0,0.3,1534718100.0
0,0.2,1534718400.0
0,0.2,1534718700.0
0,0.2,1534719000.0
0,0.2,1534719300.0
0,0.1,1534719600.0
0,0.2,1534719900.0
0,0.1,1534720200.0
0,0.1,1534720500.0
0,0.1,1534720800.0
0,0.1,1534721100.0
0,0.1,1534721400.0
0,0.1,1534721700.0
0,0.1,1534722000.0
0,0.1,1534722300.0
0,0.0,1534722600.0
0,0.1,1534722900.0
0,0.1,1534723200.0
0,0.0,1534723500.0
0,0.0,1534723800.0
0,0.1,1534724100.0
0,0.0,1534724400.0
0,0.0,1534724700.0
0,0.0,1534725000.0
0,0.0,1534725300.0
0,0.1,1534725600.0
0,0.0,1534725900.0
0,0.0,1534726200.0
0,0.1,1534726500.0
0,0.0,1534726800.0
0,0.0,1534727100.0
0,0.1,1534727400.0
0,0.0,1534727700.0
0,0.0,1534728000.0
0,0.0,1534728300.0
0,0.1,1534728600.0
0,0.0,1534728900.0
0,0.1,1534729200.0
0,0.0,1534729500.0
0,0.1,1534729800.0
0,0.0,1534730100.0
0,0.1,1534730400.0
0,0.1,1534730700.0
0,0.0,1534731000.0
0,0.0,1534731300.0
0,0.0,1534731600.0
0,0.1,1534731900.0
0,0.0,1534732200.0
0,0.0,1534732500.0
0,0.0,1534732800.0
0,0.0,1534733100.0
0,0.0,1534733400.0
0,0.0,1534733700.0
0,0.2,1534734000.0
0,0.5,1534734300.0
1,0.7,1534734600.0
35,0.11,1534734900.0
186,0.15,1534735200.0
326,0.18,1534735500.0
458,0.21,1534735800.0
689,0.25,1534736100.0
983,0.28,1534736400.0
1305,0.32,1534736700.0
1675,0.55,1534737000.0
2128,0.89,1534737300.0
2738,1.6,1534737600.0
3284,1.2,1534737900.0
3818,1.35,1534738200.0
4418,1.51,1534738500.0
5078,1.68,1534738800.0
5699,1.84,1534739100.0
6351,2.3,1534739400.0
7032,2.21,1534739700.0
7758,2.39,1534740000.0
8522,2.6,1534740300.0
9287,2.78,1534740600.0
10100,2.98,1534740900.0
10879,3.16,1534741200.0
11703,3.38,1534741500.0
12490,3.56,1534741800.0
13326,3.76,1534742100.0
14165,3.96,1534742400.0
15010,4.18,1534742700.0
15905,4.41,1534743000.0
16698,4.61,1534743300.0
17520,4.81,1534743600.0
18256,5.1,1534743900.0
19042,5.25,1534744200.0
19757,5.38,1534744500.0
20463,5.57,1534744800.0
21143,5.74,1534745100.0
21791,5.9,1534745400.0
22560,6.15,1534745700.0
23357,6.34,1534746000.0
24095,6.56,1534746300.0
24834,6.81,1534746600.0
25556,6.97,1534746900.0
26206,7.15,1534747200.0
26768,7.27,1534747500.0
27349,7.47,1534747800.0
27972,7.68,1534748100.0
28499,7.83,1534748400.0
29056,7.94,1534748700.0
29667,8.14,1534749000.0
30206,8.32,1534749300.0
30790,8.45,1534749600.0
31245,8.64,1534749900.0
31927,8.83,1534750200.0
32608,8.98,1534750500.0
32970,9.13,1534750800.0
33532,9.31,1534751100.0
25129,1.86,1534751400.0
14500,4.56,1534751700.0
34814,9.66,1534752000.0
34476,9.39,1534752300.0
30511,7.38,1534752600.0
34371,10.17,1534752900.0
36866,10.81,1534753200.0
31817,9.13,1534753500.0
36082,10.37,1534753800.0
32558,9.66,1534754100.0
31531,9.21,1534754400.0
35528,10.47,1534754700.0
37410,10.74,1534755000.0
37885,10.98,1534755300.0
37204,9.78,1534755600.0
13940,2.25,1534755900.0
13579,4.74,1534756200.0
35076,11.2,1534756500.0
38680,10.76,1534756800.0
38076,10.77,1534757100.0
37698,10.72,1534757400.0
37430,10.74,1534757700.0
37746,11.2,1534758000.0
38080,11.7,1534758300.0
38096,10.86,1534758600.0
37519,10.74,1534758900.0
36965,10.62,1534759200.0
36523,10.54,1534759500.0
36536,10.62,1534759800.0
37135,10.74,1534760100.0
37056,10.61,1534760400.0
36751,10.41,1534760700.0
36102,10.29,1534761000.0
35814,10.26,1534761300.0
35674,10.17,1534761600.0
35324,10.0,1534761900.0
35168,9.98,1534762200.0
35097,9.91,1534762500.0
35003,9.81,1534762800.0
34857,9.71,1534763100.0
34456,9.57,1534763400.0
33950,9.44,1534763700.0
33738,9.34,1534764000.0
33336,9.18,1534764300.0
32999,9.2,1534764600.0
32531,8.88,1534764900.0
32270,8.84,1534765200.0
31929,8.66,1534765500.0
31523,8.56,1534765800.0
31181,8.47,1534766100.0
30664,8.24,1534766400.0
30318,8.13,1534766700.0
29834,7.95,1534767000.0
29341,7.87,1534767300.0
28797,7.7,1534767600.0
28260,7.54,1534767900.0
27692,7.42,1534768200.0
27230,7.3,1534768500.0
26704,7.14,1534768800.0
26042,7.2,1534769100.0
25709,6.87,1534769400.0
25089,6.77,1534769700.0
24441,6.52,1534770000.0
23762,6.35,1534770300.0
23019,6.2,1534770600.0
22416,5.95,1534770900.0
21680,5.78,1534771200.0
21075,5.68,1534771500.0
20488,5.53,1534771800.0
19884,5.33,1534772100.0
19176,5.13,1534772400.0
18490,4.88,1534772700.0
17707,4.64,1534773000.0
16842,4.39,1534773300.0
16037,4.2,1534773600.0
15283,3.99,1534773900.0
14678,3.81,1534774200.0
14080,3.58,1534774500.0
13249,3.38,1534774800.0
12420,3.16,1534775100.0
11619,3.0,1534775400.0
10936,2.85,1534775700.0
10185,2.65,1534776000.0
9358,2.46,1534776300.0
8519,2.29,1534776600.0
7862,2.16,1534776900.0
7161,1.96,1534777200.0
6459,1.79,1534777500.0
5828,1.61,1534777800.0
5272,1.4,1534778100.0
4669,1.2,1534778400.0
4089,1.1,1534778700.0
3523,0.36,1534779000.0
3006,0.34,1534779300.0
2536,0.32,1534779600.0
2085,0.3,1534779900.0
1671,0.27,1534780200.0
1330,0.24,1534780500.0
1065,0.2,1534780800.0
849,0.18,1534781100.0
638,0.15,1534781400.0
490,0.13,1534781700.0
364,0.9,1534782000.0
218,0.5,1534782300.0
97,0.2,1534782600.0
13,0.0,1534782900.0
0,0.2,1534783200.0
0,0.2,1534783500.0
0,0.3,1534783800.0
0,0.3,1534784100.0
0,0.4,1534784400.0
0,0.4,1534784700.0
0,0.3,1534785000.0
0,0.3,1534785300.0
0,0.3,1534785600.0
0,0.3,1534785900.0
0,0.3,1534786200.0
0,0.3,1534786500.0
0,0.3,1534786800.0
0,0.3,1534787100.0
0,0.3,1534787400.0
0,0.3,1534787700.0
0,0.3,1534788000.0
0,0.3,1534788300.0
0,0.3,1534788600.0
0,0.3,1534788900.0
0,0.3,1534789200.0
0,0.2,1534789500.0
0,0.2,1534789800.0
0,0.2,1534790100.0
0,0.3,1534790400.0
0,0.3,1534790700.0
0,0.2,1534791000.0
0,0.2,1534791300.0
0,0.2,1534791600.0
0,0.1,1534791900.0
0,0.2,1534792200.0
0,0.2,1534792500.0
0,0.2,1534792800.0
0,0.2,1534793100.0
0,0.2,1534793400.0
0,0.1,1534793700.0
0,0.1,1534794000.0
0,0.1,1534794300.0
0,0.2,1534794600.0
0,0.1,1534794900.0
0,0.1,1534795200.0
0,0.1,1534795500.0
0,0.1,1534795800.0
0,0.1,1534796100.0
0,0.1,1534796400.0
0,0.1,1534796700.0
0,0.0,1534797000.0
0,0.0,1534797300.0
0,0.1,1534797600.0
0,0.1,1534797900.0
0,0.1,1534798200.0
0,0.1,1534798500.0
0,0.1,1534798800.0
0,0.1,1534799100.0
0,0.1,1534799400.0
0,0.2,1534799700.0
0,0.1,1534800000.0
0,0.1,1534800300.0
0,0.1,1534800600.0
0,0.2,1534800900.0
0,0.1,1534801200.0
0,0.1,1534801500.0
0,0.1,1534801800.0
0,0.1,1534802100.0
0,0.2,1534802400.0
0,0.1,1534802700.0
0,0.1,1534803000.0
0,0.1,1534803300.0
0,0.1,1534803600.0
0,0.0,1534803900.0
0,0.1,1534804200.0
0,0.0,1534804500.0
0,0.1,1534804800.0
0,0.0,1534805100.0
0,0.1,1534805400.0
0,0.0,1534805700.0
0,0.0,1534806000.0
0,0.1,1534806300.0
0,0.1,1534806600.0
0,0.1,1534806900.0
0,0.1,1534807200.0
0,0.0,1534807500.0
0,0.1,1534807800.0
0,0.0,1534808100.0
0,0.0,1534808400.0
0,0.0,1534808700.0
0,0.0,1534809000.0
0,0.0,1534809300.0
0,0.0,1534809600.0
0,0.0,1534809900.0
0,0.0,1534810200.0
0,0.0,1534810500.0
0,0.0,1534810800.0
0,0.0,1534811100.0
0,0.0,1534811400.0
0,0.0,1534811700.0
0,0.0,1534812000.0
0,0.0,1534812300.0
0,0.0,1534812600.0
0,0.0,1534812900.0
0,0.0,1534813200.0
0,0.0,1534813500.0
0,0.0,1534813800.0
0,0.1,1534814100.0
0,0.1,1534814400.0
0,0.0,1534814700.0
0,0.0,1534815000.0
0,0.1,1534815300.0
0,0.0,1534815600.0
0,0.0,1534815900.0
0,0.0,1534816200.0
0,0.1,1534816500.0
0,0.0,1534816800.0
0,0.0,1534817100.0
0,0.0,1534817400.0
0,0.0,1534817700.0
0,0.0,1534818000.0
0,0.0,1534818300.0
0,0.0,1534818600.0
0,0.0,1534818900.0
0,0.0,1534819200.0
0,0.0,1534819500.0
0,0.0,1534819800.0
0,0.1,1534820100.0
0,0.2,1534820400.0
0,0.3,1534820700.0
0,0.6,1534821000.0
0,0.9,1534821300.0
33,0.13,1534821600.0
269,0.17,1534821900.0
408,0.2,1534822200.0
606,0.24,1534822500.0
896,0.28,1534822800.0
1228,0.31,1534823100.0
1593,0.67,1534823400.0
2012,0.81,1534823700.0
2563,0.96,1534824000.0
3149,1.1,1534824300.0
3715,1.27,1534824600.0
3711,1.42,1534824900.0
4802,1.58,1534825200.0
5608,1.75,1534825500.0
6265,1.92,1534825800.0
6969,2.1,1534826100.0
7681,2.3,1534826400.0
8373,2.48,1534826700.0
9074,2.67,1534827000.0
9783,2.86,1534827300.0
10525,3.4,1534827600.0
11324,3.25,1534827900.0
12090,3.45,1534828200.0
12875,3.65,1534828500.0
13757,3.85,1534828800.0
14605,4.5,1534829100.0
15395,4.27,1534829400.0
16123,4.43,1534829700.0
16928,4.67,1534830000.0
17735,4.86,1534830300.0
18471,5.4,1534830600.0
19142,5.23,1534830900.0
19845,5.39,1534831200.0
20501,5.56,1534831500.0
21191,5.74,1534831800.0
21916,5.94,1534832100.0
22590,6.12,1534832400.0
23211,6.29,1534832700.0
23800,6.49,1534833000.0
24484,6.66,1534833300.0
25066,6.83,1534833600.0
25572,6.99,1534833900.0
26145,7.12,1534834200.0
26648,7.29,1534834500.0
27100,7.4,1534834800.0
27625,7.6,1534835100.0
28149,7.75,1534835400.0
28693,7.86,1534835700.0
29183,8.1,1534836000.0
29807,8.21,1534836300.0
30232,8.29,1534836600.0
30571,8.39,1534836900.0
30843,8.56,1534837200.0
31219,8.65,1534837500.0
31482,8.73,1534837800.0
31845,8.88,1534838100.0
32223,8.94,1534838400.0
32541,9.14,1534838700.0
32825,9.29,1534839000.0
33109,9.32,1534839300.0
33420,9.43,1534839600.0
33764,9.57,1534839900.0
33874,9.64,1534840200.0
34059,9.69,1534840500.0
34187,9.76,1534840800.0
34493,9.84,1534841100.0
34621,9.92,1534841400.0
35003,10.0,1534841700.0
35244,10.15,1534842000.0
35043,10.0,1534842300.0
35057,10.6,1534842600.0
35092,10.1,1534842900.0
35262,10.19,1534843200.0
35506,10.19,1534843500.0
35655,10.23,1534843800.0
35605,10.24,1534844100.0
35673,10.24,1534844400.0
35645,10.23,1534844700.0
35586,10.27,1534845000.0
35734,10.28,1534845300.0
35681,10.22,1534845600.0
35395,10.17,1534845900.0
35383,10.19,1534846200.0
35891,10.37,1534846500.0
35779,10.1,1534846800.0
35203,10.4,1534847100.0
35369,10.13,1534847400.0
35474,9.99,1534847700.0
35166,10.7,1534848000.0
32826,9.63,1534848300.0
23597,5.97,1534848600.0
33769,9.64,1534848900.0
34366,9.63,1534849200.0
34551,9.36,1534849500.0
33033,9.14,1534849800.0
33049,9.1,1534850100.0
32824,8.96,1534850400.0
32454,8.78,1534850700.0
32352,8.8,1534851000.0
32294,8.63,1534851300.0
31613,8.53,1534851600.0
31446,8.47,1534851900.0
30831,8.13,1534852200.0
29953,8.1,1534852500.0
30005,8.8,1534852800.0
29668,7.8,1534853100.0
29529,7.88,1534853400.0
29061,7.67,1534853700.0
28183,7.42,1534854000.0
27312,7.22,1534854300.0
26956,7.12,1534854600.0
26426,7.3,1534854900.0
26072,6.93,1534855200.0
25396,6.82,1534855500.0
25164,6.66,1534855800.0
24435,6.5,1534856100.0
23724,6.3,1534856400.0
23299,6.29,1534856700.0
22740,6.3,1534857000.0
21752,5.8,1534857300.0
21038,5.56,1534857600.0
20179,5.38,1534857900.0
14241,5.18,1534858200.0
17046,4.95,1534858500.0
18184,4.82,1534858800.0
17680,4.64,1534859100.0
17069,4.45,1534859400.0
16453,4.29,1534859700.0
15804,4.11,1534860000.0
15115,3.9,1534860300.0
14392,3.71,1534860600.0
13608,3.47,1534860900.0
12750,3.27,1534861200.0
11884,3.6,1534861500.0
11086,2.83,1534861800.0
10341,2.68,1534862100.0
9713,2.57,1534862400.0
9105,2.42,1534862700.0
8289,2.27,1534863000.0
7662,2.9,1534863300.0
7017,1.91,1534863600.0
6307,1.73,1534863900.0
5631,1.52,1534864200.0
5056,1.34,1534864500.0
4525,1.16,1534864800.0
3915,0.81,1534865100.0
2753,0.43,1534865400.0
1617,0.39,1534865700.0
1748,0.32,1534866000.0
1152,0.28,1534866300.0
993,0.29,1534866600.0
1164,0.29,1534866900.0
1253,0.31,1534867200.0
1132,0.29,1534867500.0
822,0.19,1534867800.0
298,0.8,1534868100.0
47,0.4,1534868400.0
2,0.2,1534868700.0
0,0.1,1534869000.0
0,0.1,1534869300.0
0,0.2,1534869600.0
0,0.2,1534869900.0
0,0.3,1534870200.0
0,0.3,1534870500.0
0,0.4,1534870800.0
0,0.3,1534871100.0
0,0.3,1534871400.0
0,0.3,1534871700.0
0,0.3,1534872000.0
0,0.4,1534872300.0
0,0.3,1534872600.0
0,0.4,1534872900.0
0,0.4,1534873200.0
0,0.4,1534873500.0
0,0.4,1534873800.0
0,0.3,1534874100.0
0,0.3,1534874400.0
0,0.3,1534874700.0
0,0.3,1534875000.0
0,0.3,1534875300.0
0,0.3,1534875600.0
0,0.3,1534875900.0
0,0.2,1534876200.0
0,0.3,1534876500.0
0,0.3,1534876800.0
0,0.2,1534877100.0
0,0.2,1534877400.0
0,0.3,1534877700.0
0,0.2,1534878000.0
0,0.3,1534878300.0
0,0.2,1534878600.0
0,0.2,1534878900.0
0,0.2,1534879200.0
0,0.2,1534879500.0
0,0.2,1534879800.0
0,0.2,1534880100.0
0,0.2,1534880400.0
0,0.2,1534880700.0
0,0.2,1534881000.0
0,0.2,1534881300.0
0,0.1,1534881600.0
0,0.1,1534881900.0
0,0.1,1534882200.0
0,0.3,1534882500.0
0,0.2,1534882800.0
0,0.2,1534883100.0
0,0.1,1534883400.0
0,0.2,1534883700.0
0,0.2,1534884000.0
0,0.1,1534884300.0
0,0.1,1534884600.0
0,0.1,1534884900.0
0,0.1,1534885200.0
0,0.2,1534885500.0
0,0.2,1534885800.0
0,0.1,1534886100.0
0,0.1,1534886400.0
0,0.1,1534886700.0
0,0.1,1534887000.0
0,0.1,1534887300.0
0,0.1,1534887600.0
0,0.1,1534887900.0
0,0.1,1534888200.0
0,0.1,1534888500.0
0,0.1,1534888800.0
0,0.1,1534889100.0
0,0.0,1534889400.0
0,0.1,1534889700.0
0,0.1,1534890000.0
0,0.1,1534890300.0
0,0.1,1534890600.0
0,0.0,1534890900.0
0,0.0,1534891200.0
0,0.0,1534891500.0
0,0.0,1534891800.0
0,0.0,1534892100.0
0,0.1,1534892400.0
0,0.1,1534892700.0
0,0.0,1534893000.0
0,0.0,1534893300.0
0,0.1,1534893600.0
0,0.1,1534893900.0
0,0.1,1534894200.0
0,0.0,1534894500.0
0,0.0,1534894800.0
0,0.1,1534895100.0
0,0.0,1534895400.0
0,0.1,1534895700.0
0,0.0,1534896000.0
0,0.0,1534896300.0
0,0.1,1534896600.0
0,0.0,1534896900.0
0,0.1,1534897200.0
0,0.0,1534897500.0
0,0.0,1534897800.0
0,0.0,1534898100.0
0,0.0,1534898400.0
0,0.1,1534898700.0
0,0.0,1534899000.0
0,0.0,1534899300.0
0,0.1,1534899600.0
0,0.0,1534899900.0
0,0.0,1534900200.0
0,0.0,1534900500.0
0,0.0,1534900800.0
0,0.1,1534901100.0
0,0.1,1534901400.0
0,0.0,1534901700.0
0,0.0,1534902000.0
0,0.0,1534902300.0
0,0.0,1534902600.0
0,0.0,1534902900.0
0,0.0,1534903200.0
0,0.0,1534903500.0
0,0.0,1534903800.0
0,0.1,1534904100.0
0,0.1,1534904400.0
0,0.0,1534904700.0
0,0.0,1534905000.0
0,0.0,1534905300.0
0,0.0,1534905600.0
0,0.0,1534905900.0
0,0.0,1534906200.0
0,0.0,1534906500.0
0,0.1,1534906800.0
0,0.3,1534907100.0
0,0.6,1534907400.0
0,0.8,1534907700.0
1,0.12,1534908000.0
193,0.15,1534908300.0
353,0.19,1534908600.0
521,0.23,1534908900.0
837,0.27,1534909200.0
1180,0.3,1534909500.0
1551,0.55,1534909800.0
1984,0.81,1534910100.0
2544,0.95,1534910400.0
3101,1.9,1534910700.0
3642,1.24,1534911000.0
4252,1.4,1534911300.0
4894,1.56,1534911600.0
5551,1.74,1534911900.0
6179,1.93,1534912200.0
6771,2.11,1534912500.0
7400,2.3,1534912800.0
8140,2.49,1534913100.0
8903,2.67,1534913400.0
9695,2.86,1534913700.0
10489,3.8,1534914000.0
11301,3.26,1534914300.0
12075,3.46,1534914600.0
12903,3.66,1534914900.0
13738,3.86,1534915200.0
14636,4.8,1534915500.0
15444,4.3,1534915800.0
16264,4.48,1534916100.0
17015,4.69,1534916400.0
17789,4.88,1534916700.0
18567,5.9,1534917000.0
19296,5.28,1534917300.0
20018,5.44,1534917600.0
20667,5.63,1534917900.0
21379,5.82,1534918200.0
22093,6.3,1534918500.0
22771,6.17,1534918800.0
23414,6.39,1534919100.0
24038,6.54,1534919400.0
24699,6.72,1534919700.0
25375,6.89,1534920000.0
25972,7.3,1534920300.0
26520,7.2,1534920600.0
27072,7.39,1534920900.0
27594,7.54,1534921200.0
28190,7.73,1534921500.0
28685,7.84,1534921800.0
29145,7.96,1534922100.0
29617,8.8,1534922400.0
30040,8.28,1534922700.0
30526,8.37,1534923000.0
30861,8.5,1534923300.0
31269,8.59,1534923600.0
31560,8.76,1534923900.0
32040,8.87,1534924200.0
32342,9.1,1534924500.0
32534,9.5,1534924800.0
32983,9.17,1534925100.0
33275,9.25,1534925400.0
33434,9.34,1534925700.0
33691,9.48,1534926000.0
33918,9.59,1534926300.0
34228,9.66,1534926600.0
34565,9.81,1534926900.0
34859,9.86,1534927200.0
34883,9.91,1534927500.0
35105,9.99,1534927800.0
35211,10.4,1534928100.0
35373,10.13,1534928400.0
35495,10.16,1534928700.0
35499,10.17,1534929000.0
35517,10.2,1534929300.0
35452,10.2,1534929600.0
35360,10.26,1534929900.0
35650,10.27,1534930200.0
35605,10.28,1534930500.0
35590,10.23,1534930800.0
35647,10.32,1534931100.0
35727,10.2,1534931400.0
35304,10.5,1534931700.0
35409,10.18,1534932000.0
35285,10.11,1534932300.0
35080,10.9,1534932600.0
35055,10.13,1534932900.0
35449,10.12,1534933200.0
35356,10.7,1534933500.0
35469,10.5,1534933800.0
35387,9.98,1534934100.0
34975,9.88,1534934400.0
34731,9.84,1534934700.0
34538,9.73,1534935000.0
34208,9.63,1534935300.0
34019,9.57,1534935600.0
34025,9.48,1534935900.0
33632,9.34,1534936200.0
33079,9.23,1534936500.0
32828,9.13,1534936800.0
32635,8.97,1534937100.0
31854,8.69,1534937400.0
31398,8.68,1534937700.0
31459,8.65,1534938000.0
31493,8.52,1534938300.0
31296,8.47,1534938600.0
30938,8.26,1534938900.0
30352,8.12,1534939200.0
29815,7.98,1534939500.0
29276,7.84,1534939800.0
28818,7.67,1534940100.0
28224,7.58,1534940400.0
27812,7.43,1534940700.0
27411,7.33,1534941000.0
26952,7.19,1534941300.0
26439,7.0,1534941600.0
25875,6.89,1534941900.0
25443,6.78,1534942200.0
24844,6.63,1534942500.0
24308,6.44,1534942800.0
23605,6.3,1534943100.0
22856,6.11,1534943400.0
22287,5.98,1534943700.0
21737,5.82,1534944000.0
20930,5.58,1534944300.0
20199,5.47,1534944600.0
19460,5.16,1534944900.0
18758,5.1,1534945200.0
18144,4.79,1534945500.0
17434,4.53,1534945800.0
16505,4.26,1534946100.0
15775,4.8,1534946400.0
15014,3.89,1534946700.0
14281,3.61,1534947000.0
13451,3.43,1534947300.0
12669,3.21,1534947600.0
11838,2.99,1534947900.0
10883,2.82,1534948200.0
10134,2.64,1534948500.0
9483,2.49,1534948800.0
8753,2.33,1534949100.0
8002,2.18,1534949400.0
7325,2.2,1534949700.0
6607,1.81,1534950000.0
5891,1.64,1534950300.0
5350,1.46,1534950600.0
4793,1.27,1534950900.0
4214,1.9,1534951200.0
3648,0.43,1534951500.0
3150,0.38,1534951800.0
2689,0.33,1534952100.0
2231,0.31,1534952400.0
1786,0.28,1534952700.0
1422,0.25,1534953000.0
1107,0.22,1534953300.0
794,0.18,1534953600.0
520,0.15,1534953900.0
372,0.12,1534954200.0
260,0.9,1534954500.0
154,0.6,1534954800.0
63,0.4,1534955100.0
5,0.2,1534955400.0
0,0.1,1534955700.0
0,0.2,1534956000.0
0,0.3,1534956300.0
0,0.4,1534956600.0
0,0.3,1534956900.0
0,0.4,1534957200.0
0,0.4,1534957500.0
0,0.3,1534957800.0
0,0.3,1534958100.0
0,0.3,1534958400.0
0,0.3,1534958700.0
0,0.3,1534959000.0
0,0.3,1534959300.0
0,0.4,1534959600.0
0,0.3,1534959900.0
0,0.3,1534960200.0
0,0.2,1534960500.0
0,0.2,1534960800.0
0,0.2,1534961100.0
0,0.3,1534961400.0
0,0.4,1534961700.0
0,0.4,1534962000.0
0,0.2,1534962300.0
0,0.2,1534962600.0
0,0.3,1534962900.0
0,0.3,1534963200.0
0,0.2,1534963500.0
0,0.3,1534963800.0
0,0.2,1534964100.0
0,0.2,1534964400.0
0,0.2,1534964700.0
0,0.2,1534965000.0
0,0.2,1534965300.0
0,0.2,1534965600.0
0,0.1,1534965900.0
0,0.2,1534966200.0
0,0.1,1534966500.0
0,0.2,1534966800.0
0,0.2,1534967100.0
0,0.3,1534967400.0
0,0.3,1534967700.0
0,0.2,1534968000.0
0,0.2,1534968300.0
0,0.2,1534968600.0
0,0.2,1534968900.0
0,0.2,1534969200.0
0,0.3,1534969500.0
0,0.1,1534969800.0
0,0.2,1534970100.0
0,0.2,1534970400.0
0,0.1,1534970700.0
0,0.2,1534971000.0
0,0.2,1534971300.0
0,0.1,1534971600.0
0,0.1,1534971900.0
0,0.1,1534972200.0
0,0.2,1534972500.0
0,0.2,1534972800.0
0,0.2,1534973100.0
0,0.1,1534973400.0
0,0.1,1534973700.0
0,0.2,1534974000.0
0,0.1,1534974300.0
0,0.1,1534974600.0
0,0.1,1534974900.0
0,0.1,1534975200.0
0,0.1,1534975500.0
0,0.2,1534975800.0
0,0.1,1534976100.0
0,0.2,1534976400.0
0,0.1,1534976700.0
0,0.1,1534977000.0
0,0.1,1534977300.0
0,0.1,1534977600.0
0,0.1,1534977900.0
0,0.1,1534978200.0
0,0.1,1534978500.0
0,0.2,1534978800.0
0,0.0,1534979100.0
0,0.0,1534979400.0
0,0.1,1534979700.0
0,0.1,1534980000.0
0,0.0,1534980300.0
0,0.0,1534980600.0
0,0.1,1534980900.0
0,0.0,1534981200.0
0,0.0,1534981500.0
0,0.2,1534981800.0
0,0.1,1534982100.0
0,0.1,1534982400.0
0,0.1,1534982700.0
0,0.1,1534983000.0
0,0.1,1534983300.0
0,0.1,1534983600.0
0,0.1,1534983900.0
0,0.0,1534984200.0
0,0.0,1534984500.0
0,0.0,1534984800.0
0,0.0,1534985100.0
0,0.1,1534985400.0
0,0.1,1534985700.0
0,0.1,1534986000.0
0,0.1,1534986300.0
0,0.0,1534986600.0
0,0.1,1534986900.0
0,0.0,1534987200.0
0,0.0,1534987500.0
0,0.0,1534987800.0
0,0.0,1534988100.0
0,0.0,1534988400.0
0,0.1,1534988700.0
0,0.0,1534989000.0
0,0.0,1534989300.0
0,0.0,1534989600.0
0,0.1,1534989900.0
0,0.0,1534990200.0
0,0.0,1534990500.0
0,0.0,1534990800.0
0,0.0,1534991100.0
0,0.1,1534991400.0
0,0.2,1534991700.0
0,0.1,1534992000.0
0,0.0,1534992300.0
0,0.0,1534992600.0
0,0.1,1534992900.0
0,0.2,1534993200.0
0,0.3,1534993500.0
0,0.5,1534993800.0
7,0.8,1534994100.0
42,0.11,1534994400.0
205,0.15,1534994700.0
322,0.18,1534995000.0
481,0.21,1534995300.0
755,0.25,1534995600.0
1081,0.28,1534995900.0
1428,0.36,1534996200.0
1823,0.86,1534996500.0
2389,1.2,1534996800.0
2993,1.17,1534997100.0
3535,1.32,1534997400.0
4125,1.48,1534997700.0
4825,1.67,1534998000.0
5512,1.87,1534998300.0
6293,2.8,1534998600.0
7036,2.27,1534998900.0
7759,2.47,1534999200.0
8525,2.66,1534999500.0
9296,2.85,1534999800.0
10100,3.5,1535000100.0
10908,3.24,1535000400.0
11714,3.44,1535000700.0
12503,3.65,1535001000.0
13371,3.85,1535001300.0
14244,4.9,1535001600.0
15196,4.3,1535001900.0
16015,4.48,1535002200.0
16825,4.72,1535002500.0
17650,4.92,1535002800.0
18388,5.13,1535003100.0
19196,5.36,1535003400.0
19978,5.54,1535003700.0
20720,5.73,1535004000.0
21430,5.95,1535004300.0
22181,6.11,1535004600.0
22868,6.3,1535004900.0
23502,6.47,1535005200.0
24147,6.69,1535005500.0
24805,6.82,1535005800.0
25418,7.4,1535006100.0
26072,7.21,1535006400.0
26627,7.34,1535006700.0
27176,7.5,1535007000.0
27751,7.75,1535007300.0
28290,7.85,1535007600.0
28708,7.97,1535007900.0
29129,8.1,1535008200.0
29668,8.26,1535008500.0
30136,8.38,1535008800.0
30501,8.48,1535009100.0
30869,8.57,1535009400.0
31299,8.72,1535009700.0
31649,8.85,1535010000.0
32025,9.7,1535010300.0
32534,9.17,1535010600.0
32873,9.27,1535010900.0
33146,9.35,1535011200.0
33386,9.41,1535011500.0
33595,9.52,1535011800.0
33884,9.7,1535012100.0
34134,9.75,1535012400.0
34353,9.83,1535012700.0
34660,9.92,1535013000.0
34872,10.3,1535013300.0
35007,10.3,1535013600.0
35054,10.6,1535013900.0
35078,10.11,1535014200.0
35364,10.24,1535014500.0
35529,10.3,1535014800.0
35650,10.35,1535015100.0
35586,10.35,1535015400.0
35629,10.35,1535015700.0
35644,10.36,1535016000.0
35576,10.44,1535016300.0
35620,10.46,1535016600.0
35650,10.39,1535016900.0
35745,10.5,1535017200.0
35932,10.56,1535017500.0
36008,10.48,1535017800.0
35974,10.45,1535018100.0
35861,10.42,1535018400.0
36030,10.47,1535018700.0
36034,10.44,1535019000.0
35906,10.4,1535019300.0
35690,10.27,1535019600.0
35388,10.22,1535019900.0
35240,10.15,1535020200.0
35093,10.18,1535020500.0
35134,10.1,1535020800.0
35032,10.11,1535021100.0
34904,10.5,1535021400.0
34607,9.97,1535021700.0
34487,9.9,1535022000.0
34362,9.77,1535022300.0
34157,9.64,1535022600.0
33804,9.49,1535022900.0
33551,9.39,1535023200.0
33306,9.24,1535023500.0
32697,9.8,1535023800.0
32380,8.93,1535024100.0
32002,8.77,1535024400.0
31686,8.68,1535024700.0
31309,8.52,1535025000.0
30822,8.42,1535025300.0
30552,8.25,1535025600.0
30155,8.18,1535025900.0
29798,8.4,1535026200.0
29344,7.94,1535026500.0
28741,7.81,1535026800.0
28182,7.6,1535027100.0
27621,7.44,1535027400.0
27072,7.32,1535027700.0
26623,7.22,1535028000.0
26186,7.4,1535028300.0
25549,6.89,1535028600.0
24854,6.72,1535028900.0
24119,6.6,1535029200.0
23628,6.4,1535029500.0
23031,6.25,1535029800.0
22392,6.8,1535030100.0
21622,5.84,1535030400.0
20924,5.69,1535030700.0
20287,5.49,1535031000.0
19569,5.25,1535031300.0
18805,5.3,1535031600.0
18094,4.88,1535031900.0
17419,4.66,1535032200.0
16616,4.43,1535032500.0
15830,4.13,1535032800.0
15085,3.98,1535033100.0
14225,3.7,1535033400.0
13483,3.48,1535033700.0
12734,3.29,1535034000.0
11893,3.1,1535034300.0
11037,2.89,1535034600.0
10258,2.73,1535034900.0
9567,2.55,1535035200.0
8830,2.42,1535035500.0
8096,2.23,1535035800.0
7400,2.5,1535036100.0
6705,1.9,1535036400.0
6031,1.7,1535036700.0
5411,1.5,1535037000.0
4830,1.3,1535037300.0
4237,1.12,1535037600.0
3657,0.37,1535037900.0
3151,0.33,1535038200.0
2650,0.3,1535038500.0
2177,0.28,1535038800.0
1749,0.25,1535039100.0
1397,0.23,1535039400.0
1111,0.2,1535039700.0
872,0.19,1535040000.0
674,0.16,1535040300.0
517,0.13,1535040600.0
386,0.1,1535040900.0
251,0.7,1535041200.0
123,0.4,1535041500.0
19,0.1,1535041800.0
0,0.1,1535042100.0
0,0.2,1535042400.0
0,0.3,1535042700.0
0,0.3,1535043000.0
0,0.4,1535043300.0
0,0.4,1535043600.0
0,0.4,1535043900.0
0,0.4,1535044200.0
0,0.3,1535044500.0
0,0.3,1535044800.0
0,0.3,1535045100.0
0,0.3,1535045400.0
0,0.3,1535045700.0
0,0.3,1535046000.0
0,0.3,1535046300.0
0,0.2,1535046600.0
0,0.3,1535046900.0
0,0.3,1535047200.0
0,0.2,1535047500.0
0,0.2,1535047800.0
0,0.2,1535048100.0
0,0.2,1535048400.0
0,0.2,1535048700.0
0,0.3,1535049000.0
0,0.3,1535049300.0
0,0.4,1535049600.0
0,0.3,1535049900.0
0,0.2,1535050200.0
0,0.3,1535050500.0
0,0.2,1535050800.0
0,0.1,1535051100.0
0,0.3,1535051400.0
0,0.2,1535051700.0
0,0.2,1535052000.0
0,0.2,1535052300.0
0,0.1,1535052600.0
0,0.1,1535052900.0
0,0.2,1535053200.0
0,0.2,1535053500.0
0,0.1,1535053800.0
0,0.1,1535054100.0
0,0.1,1535054400.0
0,0.1,1535054700.0
0,0.2,1535055000.0
0,0.1,1535055300.0
0,0.1,1535055600.0
0,0.1,1535055900.0
0,0.2,1535056200.0
0,0.1,1535056500.0
0,0.1,1535056800.0
0,0.1,1535057100.0
0,0.0,1535057400.0
0,0.0,1535057700.0
0,0.0,1535058000.0
0,0.0,1535058300.0
0,0.0,1535058600.0
0,0.1,1535058900.0
0,0.1,1535059200.0
0,0.0,1535059500.0
0,0.0,1535059800.0
0,0.1,1535060100.0
0,0.1,1535060400.0
0,0.1,1535060700.0
0,0.1,1535061000.0
0,0.0,1535061300.0
0,0.0,1535061600.0
0,0.0,1535061900.0
0,0.0,1535062200.0
0,0.0,1535062500.0
0,0.1,1535062800.0
0,0.0,1535063100.0
0,0.0,1535063400.0
0,0.0,1535063700.0
0,0.1,1535064000.0
0,0.1,1535064300.0
0,0.1,1535064600.0
0,0.1,1535064900.0
0,0.0,1535065200.0
0,0.0,1535065500.0
0,0.0,1535065800.0
0,0.1,1535066100.0
0,0.0,1535066400.0
0,0.0,1535066700.0
0,0.0,1535067000.0
0,0.0,1535067300.0
0,0.0,1535067600.0
0,0.0,1535067900.0
0,0.0,1535068200.0
0,0.1,1535068500.0
0,0.0,1535068800.0
0,0.0,1535069100.0
0,0.0,1535069400.0
0,0.0,1535069700.0
0,0.0,1535070000.0
0,0.0,1535070300.0
0,0.0,1535070600.0
0,0.0,1535070900.0
0,0.1,1535071200.0
0,0.1,1535071500.0
0,0.0,1535071800.0
0,0.0,1535072100.0
0,0.0,1535072400.0
0,0.0,1535072700.0
0,0.0,1535073000.0
0,0.0,1535073300.0
0,0.0,1535073600.0
0,0.1,1535073900.0
0,0.0,1535074200.0
0,0.0,1535074500.0
0,0.0,1535074800.0
0,0.0,1535075100.0
0,0.0,1535075400.0
0,0.0,1535075700.0
0,0.0,1535076000.0
0,0.0,1535076300.0
0,0.0,1535076600.0
0,0.1,1535076900.0
0,0.0,1535077200.0
0,0.0,1535077500.0
0,0.0,1535077800.0
0,0.1,1535078100.0
0,0.0,1535078400.0
0,0.0,1535078700.0
0,0.0,1535079000.0
0,0.1,1535079300.0
0,0.1,1535079600.0
0,0.2,1535079900.0
0,0.4,1535080200.0
0,0.8,1535080500.0
0,0.1,1535080800.0
77,0.14,1535081100.0
310,0.17,1535081400.0
436,0.2,1535081700.0
692,0.25,1535082000.0
1017,0.28,1535082300.0
1371,0.39,1535082600.0
1778,0.79,1535082900.0
2317,0.94,1535083200.0
2898,1.9,1535083500.0
3424,1.25,1535083800.0
3982,1.41,1535084100.0
4597,1.58,1535084400.0
5228,1.75,1535084700.0
5901,1.93,1535085000.0
6599,2.12,1535085300.0
7298,2.31,1535085600.0
8070,2.51,1535085900.0
8871,2.71,1535086200.0
9639,2.89,1535086500.0
10399,3.9,1535086800.0
11233,3.28,1535087100.0
12023,3.48,1535087400.0
12805,3.7,1535087700.0
13607,3.89,1535088000.0
14438,4.8,1535088300.0
15297,4.3,1535088600.0
16071,4.49,1535088900.0
16880,4.7,1535089200.0
17658,4.88,1535089500.0
18477,5.1,1535089800.0
19235,5.28,1535090100.0
19949,5.49,1535090400.0
20609,5.65,1535090700.0
21229,5.81,1535091000.0
21891,6.1,1535091300.0
22593,6.19,1535091600.0
23309,6.39,1535091900.0
23982,6.55,1535092200.0
24575,6.74,1535092500.0
25241,6.93,1535092800.0
25809,7.6,1535093100.0
26359,7.2,1535093400.0
26959,7.44,1535093700.0
27466,7.6,1535094000.0
27964,7.7,1535094300.0
28422,7.87,1535094600.0
28965,8.0,1535094900.0
29377,8.11,1535095200.0
29742,8.22,1535095500.0
30108,8.38,1535095800.0
30587,8.49,1535096100.0
30914,8.61,1535096400.0
31264,8.71,1535096700.0
31695,8.81,1535097000.0
31915,8.92,1535097300.0
32166,8.96,1535097600.0
32450,9.1,1535097900.0
32696,9.17,1535098200.0
32876,9.22,1535098500.0
33035,9.41,1535098800.0
33295,9.47,1535099100.0
33479,9.56,1535099400.0
33614,9.63,1535099700.0
33796,9.71,1535100000.0
33998,9.83,1535100300.0
34120,9.83,1535100600.0
34109,9.9,1535100900.0
34341,9.94,1535101200.0
34390,9.94,1535101500.0
34456,10.1,1535101800.0
34566,10.9,1535102100.0
34709,10.8,1535102400.0
34675,10.6,1535102700.0
34683,10.7,1535103000.0
34633,10.7,1535103300.0
34566,10.2,1535103600.0
34590,10.7,1535103900.0
34603,10.5,1535104200.0
34469,9.98,1535104500.0
34473,10.5,1535104800.0
34593,10.1,1535105100.0
34763,10.11,1535105400.0
34604,10.4,1535105700.0
34715,10.6,1535106000.0
34479,9.96,1535106300.0
34423,9.85,1535106600.0
34274,9.81,1535106900.0
34122,9.78,1535107200.0
34036,9.74,1535107500.0
33700,9.6,1535107800.0
33494,9.52,1535108100.0
33259,9.46,1535108400.0
32974,9.34,1535108700.0
32651,9.19,1535109000.0
32344,9.6,1535109300.0
32101,9.6,1535109600.0
31814,8.9,1535109900.0
31457,8.71,1535110200.0
31058,8.65,1535110500.0
30820,8.57,1535110800.0
30537,8.42,1535111100.0
30281,8.3,1535111400.0
29924,8.18,1535111700.0
29337,8.0,1535112000.0
29008,7.92,1535112300.0
28610,7.72,1535112600.0
28116,7.55,1535112900.0
27466,7.43,1535113200.0
26902,7.21,1535113500.0
26282,7.4,1535113800.0
25682,6.94,1535114100.0
25114,6.76,1535114400.0
24528,6.64,1535114700.0
24155,6.57,1535115000.0
23775,6.48,1535115300.0
23279,6.31,1535115600.0
22587,6.9,1535115900.0
21814,5.88,1535116200.0
21194,5.7,1535116500.0
20512,5.57,1535116800.0
19986,5.41,1535117100.0
19457,5.26,1535117400.0
18754,5.3,1535117700.0
18055,4.83,1535118000.0
17302,4.61,1535118300.0
16467,4.4,1535118600.0
15778,4.15,1535118900.0
15094,3.97,1535119200.0
14337,3.73,1535119500.0
13621,3.55,1535119800.0
12893,3.34,1535120100.0
12164,3.13,1535120400.0
11375,2.95,1535120700.0
10535,2.77,1535121000.0
9741,2.58,1535121300.0
9003,2.44,1535121600.0
8328,2.28,1535121900.0
7652,2.1,1535122200.0
6969,1.94,1535122500.0
6342,1.78,1535122800.0
5748,1.58,1535123100.0
5171,1.4,1535123400.0
4585,1.22,1535123700.0
4029,1.6,1535124000.0
3530,0.44,1535124300.0
3032,0.4,1535124600.0
2560,0.36,1535124900.0
2113,0.32,1535125200.0
1722,0.29,1535125500.0
1394,0.27,1535125800.0
1143,0.24,1535126100.0
920,0.2,1535126400.0
726,0.17,1535126700.0
563,0.13,1535127000.0
390,0.1,1535127300.0
244,0.6,1535127600.0
104,0.3,1535127900.0
12,0.0,1535128200.0
0,0.2,1535128500.0
0,0.3,1535128800.0
0,0.3,1535129100.0
0,0.3,1535129400.0
0,0.3,1535129700.0
0,0.3,1535130000.0
0,0.3,1535130300.0
0,0.3,1535130600.0
0,0.3,1535130900.0
0,0.3,1535131200.0
0,0.3,1535131500.0
0,0.2,1535131800.0
0,0.3,1535132100.0
0,0.3,1535132400.0
0,0.3,1535132700.0
0,0.3,1535133000.0
0,0.3,1535133300.0
0,0.3,1535133600.0
0,0.2,1535133900.0
0,0.2,1535134200.0
0,0.3,1535134500.0
0,0.2,1535134800.0
0,0.3,1535135100.0
0,0.2,1535135400.0
0,0.3,1535135700.0
0,0.3,1535136000.0
0,0.2,1535136300.0
0,0.2,1535136600.0
0,0.2,1535136900.0
0,0.2,1535137200.0
0,0.3,1535137500.0
0,0.2,1535137800.0
0,0.2,1535138100.0
0,0.2,1535138400.0
0,0.2,1535138700.0
0,0.1,1535139000.0
0,0.3,1535139300.0
0,0.2,1535139600.0
0,0.2,1535139900.0
0,0.2,1535140200.0
0,0.2,1535140500.0
0,0.2,1535140800.0
0,0.1,1535141100.0
0,0.1,1535141400.0
0,0.1,1535141700.0
0,0.1,1535142000.0
0,0.1,1535142300.0
0,0.1,1535142600.0
0,0.1,1535142900.0
0,0.2,1535143200.0
0,0.1,1535143500.0
0,0.2,1535143800.0
0,0.1,1535144100.0
0,0.1,1535144400.0
0,0.1,1535144700.0
0,0.1,1535145000.0
0,0.1,1535145300.0
0,0.1,1535145600.0
0,0.1,1535145900.0
0,0.1,1535146200.0
0,0.1,1535146500.0
0,0.1,1535146800.0
0,0.0,1535147100.0
0,0.1,1535147400.0
0,0.1,1535147700.0
0,0.1,1535148000.0
0,0.1,1535148300.0
0,0.1,1535148600.0
0,0.1,1535148900.0
0,0.1,1535149200.0
0,0.1,1535149500.0
0,0.1,1535149800.0
0,0.1,1535150100.0
0,0.1,1535150400.0
0,0.0,1535150700.0
0,0.0,1535151000.0
0,0.0,1535151300.0
0,0.1,1535151600.0
0,0.0,1535151900.0
0,0.0,1535152200.0
0,0.1,1535152500.0
0,0.0,1535152800.0
0,0.1,1535153100.0
0,0.0,1535153400.0
0,0.1,1535153700.0
0,0.0,1535154000.0
0,0.0,1535154300.0
0,0.0,1535154600.0
0,0.0,1535154900.0
0,0.0,1535155200.0
0,0.1,1535155500.0
0,0.1,1535155800.0
0,0.0,1535156100.0
0,0.1,1535156400.0
0,0.0,1535156700.0
0,0.0,1535157000.0
0,0.1,1535157300.0
0,0.0,1535157600.0
0,0.0,1535157900.0
0,0.0,1535158200.0
0,0.1,1535158500.0
0,0.1,1535158800.0
0,0.0,1535159100.0
0,0.0,1535159400.0
0,0.0,1535159700.0
0,0.0,1535160000.0
0,0.0,1535160300.0
0,0.0,1535160600.0
0,0.0,1535160900.0
0,0.0,1535161200.0
0,0.0,1535161500.0
0,0.0,1535161800.0
0,0.0,1535162100.0
0,0.1,1535162400.0
0,0.0,1535162700.0
0,0.0,1535163000.0
0,0.0,1535163300.0
0,0.0,1535163600.0
0,0.0,1535163900.0
0,0.0,1535164200.0
0,0.0,1535164500.0
0,0.0,1535164800.0
0,0.0,1535165100.0
0,0.0,1535165400.0
0,0.1,1535165700.0
0,0.1,1535166000.0
0,0.3,1535166300.0
0,0.4,1535166600.0
0,0.7,1535166900.0
22,0.1,1535167200.0
109,0.13,1535167500.0
271,0.17,1535167800.0
396,0.21,1535168100.0
658,0.26,1535168400.0
986,0.3,1535168700.0
1328,0.47,1535169000.0
1700,0.76,1535169300.0
2146,0.89,1535169600.0
2702,1.3,1535169900.0
3226,1.18,1535170200.0
3767,1.33,1535170500.0
4347,1.5,1535170800.0
4950,1.67,1535171100.0
5585,1.83,1535171400.0
6203,2.0,1535171700.0
6884,2.19,1535172000.0
7583,2.38,1535172300.0
8340,2.55,1535172600.0
9112,2.74,1535172900.0
9835,2.92,1535173200.0
10615,3.12,1535173500.0
11331,3.3,1535173800.0
12109,3.52,1535174100.0
12959,3.73,1535174400.0
13775,3.93,1535174700.0
14685,4.14,1535175000.0
15473,4.34,1535175300.0
16224,4.54,1535175600.0
16995,4.73,1535175900.0
17763,4.92,1535176200.0
18486,5.11,1535176500.0
19229,5.33,1535176800.0
19931,5.53,1535177100.0
20648,5.72,1535177400.0
21379,5.87,1535177700.0
22005,6.6,1535178000.0
22681,6.25,1535178300.0
23326,6.39,1535178600.0
23891,6.59,1535178900.0
24408,6.73,1535179200.0
24953,6.88,1535179500.0
25528,7.7,1535179800.0
26046,7.21,1535180100.0
26590,7.39,1535180400.0
27126,7.55,1535180700.0
27658,7.74,1535181000.0
28041,7.82,1535181300.0
28469,7.96,1535181600.0
28950,8.1,1535181900.0
29313,8.22,1535182200.0
29753,8.34,1535182500.0
30124,8.42,1535182800.0
30495,8.54,1535183100.0
30776,8.64,1535183400.0
31089,8.77,1535183700.0
31423,8.86,1535184000.0
31647,9.1,1535184300.0
31936,9.8,1535184600.0
32229,9.23,1535184900.0
32397,9.25,1535185200.0
32502,9.29,1535185500.0
32680,9.38,1535185800.0
32972,9.5,1535186100.0
33200,9.55,1535186400.0
33272,9.6,1535186700.0
33333,9.71,1535187000.0
33506,9.73,1535187300.0
33644,9.8,1535187600.0
33725,9.81,1535187900.0
33880,9.89,1535188200.0
34020,9.91,1535188500.0
34168,10.5,1535188800.0
34521,10.15,1535189100.0
34365,9.99,1535189400.0
13903,1.63,1535189700.0
6119,2.6,1535190000.0
26656,3.92,1535190300.0
36117,10.56,1535190600.0
30499,4.77,1535190900.0
17824,7.71,1535191200.0
25919,10.23,1535191500.0
25300,8.65,1535191800.0
13978,2.88,1535192100.0
33963,8.62,1535192400.0
8591,2.12,1535192700.0
7277,2.14,1535193000.0
12682,2.5,1535193300.0
33080,10.43,1535193600.0
26879,7.14,1535193900.0
37484,10.71,1535194200.0
37995,9.47,1535194500.0
37212,10.39,1535194800.0
18611,3.43,1535195100.0
30078,10.19,1535195400.0
17172,3.89,1535195700.0
10562,3.54,1535196000.0
15746,9.54,1535196300.0
24339,4.38,1535196600.0
29123,5.49,1535196900.0
31532,8.64,1535197200.0
26785,4.5,1535197500.0
12838,4.47,1535197800.0
34932,9.33,1535198100.0
35299,9.44,1535198400.0
29440,7.94,1535198700.0
14212,7.18,1535199000.0
30936,8.13,1535199300.0
30289,8.28,1535199600.0
30282,8.9,1535199900.0
29259,7.91,1535200200.0
28705,7.89,1535200500.0
27762,7.64,1535200800.0
24732,2.98,1535201100.0
14141,1.92,1535201400.0
9066,5.62,1535201700.0
7014,2.18,1535202000.0
7169,1.95,1535202300.0
6928,1.84,1535202600.0
18950,6.39,1535202900.0
13144,1.96,1535203200.0
12623,6.3,1535203500.0
13061,1.62,1535203800.0
5325,1.37,1535204100.0
5131,1.38,1535204400.0
7295,1.57,1535204700.0
5979,2.53,1535205000.0
5041,1.18,1535205300.0
4733,1.25,1535205600.0
8665,3.8,1535205900.0
5273,1.12,1535206200.0
4230,1.7,1535206500.0
4242,1.25,1535206800.0
10666,2.86,1535207100.0
4175,0.82,1535207400.0
2909,0.76,1535207700.0
4556,1.63,1535208000.0
5760,2.8,1535208300.0
7110,2.3,1535208600.0
6739,1.84,1535208900.0
4833,0.96,1535209200.0
4740,1.16,1535209500.0
4425,1.3,1535209800.0
3545,0.5,1535210100.0
2378,0.72,1535210400.0
3362,0.45,1535210700.0
2881,0.4,1535211000.0
2102,0.35,1535211300.0
1588,0.34,1535211600.0
1653,0.29,1535211900.0
1257,0.24,1535212200.0
875,0.21,1535212500.0
656,0.17,1535212800.0
483,0.13,1535213100.0
354,0.1,1535213400.0
234,0.7,1535213700.0
129,0.4,1535214000.0
31,0.2,1535214300.0
0,0.0,1535214600.0
0,0.2,1535214900.0
0,0.2,1535215200.0
0,0.3,1535215500.0
0,0.3,1535215800.0
0,0.3,1535216100.0
0,0.3,1535216400.0
0,0.3,1535216700.0
0,0.3,1535217000.0
0,0.3,1535217300.0
0,0.3,1535217600.0
0,0.2,1535217900.0
0,0.2,1535218200.0
0,0.3,1535218500.0
0,0.3,1535218800.0
0,0.3,1535219100.0
0,0.3,1535219400.0
0,0.2,1535219700.0
0,0.2,1535220000.0
0,0.2,1535220300.0
0,0.2,1535220600.0
0,0.3,1535220900.0
0,0.2,1535221200.0
0,0.2,1535221500.0
0,0.2,1535221800.0
0,0.2,1535222100.0
0,0.2,1535222400.0
0,0.2,1535222700.0
0,0.2,1535223000.0
0,0.1,1535223300.0
0,0.1,1535223600.0
0,0.2,1535223900.0
0,0.2,1535224200.0
0,0.1,1535224500.0
0,0.2,1535224800.0
0,0.2,1535225100.0
0,0.2,1535225400.0
0,0.2,1535225700.0
0,0.3,1535226000.0
0,0.5,1535226300.0
0,0.3,1535226600.0
0,0.3,1535226900.0
0,0.2,1535227200.0
0,0.2,1535227500.0
0,0.2,1535227800.0
0,0.3,1535228100.0
0,0.3,1535228400.0
0,0.3,1535228700.0
0,0.3,1535229000.0
0,0.2,1535229300.0
0,0.2,1535229600.0
0,0.2,1535229900.0
0,0.2,1535230200.0
0,0.2,1535230500.0
0,0.2,1535230800.0
0,0.2,1535231100.0
0,0.1,1535231400.0
0,0.1,1535231700.0
0,0.1,1535232000.0
0,0.2,1535232300.0
0,0.0,1535232600.0
0,0.1,1535232900.0
0,0.0,1535233200.0
0,0.1,1535233500.0
0,0.1,1535233800.0
0,0.1,1535234100.0
0,0.1,1535234400.0
0,0.1,1535234700.0
0,0.1,1535235000.0
0,0.1,1535235300.0
0,0.2,1535235600.0
0,0.1,1535235900.0
0,0.0,1535236200.0
0,0.0,1535236500.0
0,0.1,1535236800.0
0,0.0,1535237100.0
0,0.1,1535237400.0
0,0.1,1535237700.0
0,0.1,1535238000.0
0,0.1,1535238300.0
0,0.0,1535238600.0
0,0.1,1535238900.0
0,0.0,1535239200.0
0,0.1,1535239500.0
0,0.2,1535239800.0
0,0.1,1535240100.0
0,0.1,1535240400.0
0,0.1,1535240700.0
0,0.1,1535241000.0
0,0.1,1535241300.0
0,0.2,1535241600.0
0,0.1,1535241900.0
0,0.1,1535242200.0
0,0.1,1535242500.0
0,0.0,1535242800.0
0,0.0,1535243100.0
0,0.0,1535243400.0
0,0.1,1535243700.0
0,0.1,1535244000.0
0,0.0,1535244300.0
0,0.0,1535244600.0
0,0.1,1535244900.0
0,0.0,1535245200.0
0,0.1,1535245500.0
0,0.1,1535245800.0
0,0.1,1535246100.0
0,0.2,1535246400.0
0,0.1,1535246700.0
0,0.1,1535247000.0
0,0.1,1535247300.0
0,0.2,1535247600.0
0,0.1,1535247900.0
0,0.1,1535248200.0
0,0.1,1535248500.0
0,0.1,1535248800.0
0,0.0,1535249100.0
0,0.1,1535249400.0
0,0.0,1535249700.0
0,0.1,1535250000.0
0,0.1,1535250300.0
0,0.1,1535250600.0
0,0.0,1535250900.0
0,0.0,1535251200.0
0,0.0,1535251500.0
0,0.0,1535251800.0
0,0.0,1535252100.0
0,0.0,1535252400.0
0,0.1,1535252700.0
0,0.3,1535253000.0
0,0.5,1535253300.0
14,0.8,1535253600.0
72,0.12,1535253900.0
253,0.16,1535254200.0
361,0.2,1535254500.0
591,0.25,1535254800.0
906,0.3,1535255100.0
1244,0.5,1535255400.0
1607,0.74,1535255700.0
2051,0.88,1535256000.0
2612,1.2,1535256300.0
3138,1.17,1535256600.0
3654,1.32,1535256900.0
3910,1.49,1535257200.0
4782,1.66,1535257500.0
5449,1.83,1535257800.0
6095,2.1,1535258100.0
6745,2.2,1535258400.0
7443,2.36,1535258700.0
8174,2.55,1535259000.0
8932,2.73,1535259300.0
9708,2.93,1535259600.0
10467,3.11,1535259900.0
11238,3.32,1535260200.0
12035,3.53,1535260500.0
12792,3.73,1535260800.0
13521,3.91,1535261100.0
14353,4.11,1535261400.0
15177,4.32,1535261700.0
16009,4.51,1535262000.0
16805,4.73,1535262300.0
17544,4.92,1535262600.0
18337,5.11,1535262900.0
19050,5.3,1535263200.0
19793,5.47,1535263500.0
20495,5.67,1535263800.0
21130,5.83,1535264100.0
21814,6.6,1535264400.0
22522,6.24,1535264700.0
23196,6.4,1535265000.0
23716,6.55,1535265300.0
24243,6.73,1535265600.0
24837,6.9,1535265900.0
25371,7.4,1535266200.0
25948,7.16,1535266500.0
26336,7.3,1535266800.0
26748,7.45,1535267100.0
27256,7.61,1535267400.0
27639,7.76,1535267700.0
28199,7.92,1535268000.0
28597,8.0,1535268300.0
28963,8.19,1535268600.0
29419,8.26,1535268900.0
29752,8.38,1535269200.0
30192,8.52,1535269500.0
30555,8.67,1535269800.0
30879,8.73,1535270100.0
31126,8.84,1535270400.0
31312,8.9,1535270700.0
31457,9.4,1535271000.0
31834,9.16,1535271300.0
32079,9.23,1535271600.0
32124,9.26,1535271900.0
32461,9.43,1535272200.0
32667,9.46,1535272500.0
32844,9.52,1535272800.0
32973,9.57,1535273100.0
32957,9.53,1535273400.0
33198,9.8,1535273700.0
33472,9.77,1535274000.0
33279,9.64,1535274300.0
33179,9.66,1535274600.0
33638,9.85,1535274900.0
33878,10.0,1535275200.0
33976,10.3,1535275500.0
34087,10.5,1535275800.0
34490,10.29,1535276100.0
35076,10.34,1535276400.0
35564,10.58,1535276700.0
27890,2.68,1535277000.0
7819,2.47,1535277300.0
18607,9.6,1535277600.0
38168,10.68,1535277900.0
29095,2.78,1535278200.0
12518,2.87,1535278500.0
11689,4.47,1535278800.0
10553,2.59,1535279100.0
9206,2.22,1535279400.0
9705,2.54,1535279700.0
10340,2.73,1535280000.0
11063,2.87,1535280300.0
15255,8.4,1535280600.0
17758,3.25,1535280900.0
17593,2.74,1535281200.0
10095,2.54,1535281500.0
16067,10.3,1535281800.0
29334,10.16,1535282100.0
37390,10.6,1535282400.0
30486,9.36,1535282700.0
34955,9.55,1535283000.0
33338,7.33,1535283300.0
28488,9.3,1535283600.0
25156,3.48,1535283900.0
15263,2.86,1535284200.0
21290,4.2,1535284500.0
14036,8.37,1535284800.0
32948,8.65,1535285100.0
31199,8.32,1535285400.0
30978,8.34,1535285700.0
29856,8.2,1535286000.0
28580,7.72,1535286300.0
27963,7.59,1535286600.0
27767,7.68,1535286900.0
27368,7.38,1535287200.0
25945,7.11,1535287500.0
25487,7.13,1535287800.0
18347,2.17,1535288100.0
7411,1.94,1535288400.0
6870,1.75,1535288700.0
6250,1.65,1535289000.0
6498,1.71,1535289300.0
6533,1.68,1535289600.0
6551,1.67,1535289900.0
6138,1.47,1535290200.0
5633,1.39,1535290500.0
5746,1.61,1535290800.0
7458,1.88,1535291100.0
7469,1.78,1535291400.0
6945,1.58,1535291700.0
5607,1.29,1535292000.0
5176,1.34,1535292300.0
5024,1.22,1535292600.0
4767,1.2,1535292900.0
4689,1.12,1535293200.0
4359,1.7,1535293500.0
4383,1.1,1535293800.0
4441,1.11,1535294100.0
4353,1.5,1535294400.0
4062,1.1,1535294700.0
4088,1.6,1535295000.0
4140,1.9,1535295300.0
6221,1.85,1535295600.0
5084,0.94,1535295900.0
2777,0.57,1535296200.0
1979,0.47,1535296500.0
1954,0.5,1535296800.0
1863,0.43,1535297100.0
1510,0.34,1535297400.0
1119,0.28,1535297700.0
887,0.25,1535298000.0
779,0.23,1535298300.0
660,0.22,1535298600.0
552,0.19,1535298900.0
446,0.17,1535299200.0
385,0.16,1535299500.0
316,0.14,1535299800.0
220,0.1,1535300100.0
77,0.3,1535300400.0
0,0.0,1535300700.0
0,0.1,1535301000.0
0,0.2,1535301300.0
0,0.3,1535301600.0
0,0.3,1535301900.0
0,0.3,1535302200.0
0,0.4,1535302500.0
0,0.3,1535302800.0
0,0.3,1535303100.0
0,0.3,1535303400.0
0,0.3,1535303700.0
0,0.3,1535304000.0
0,0.3,1535304300.0
0,0.3,1535304600.0
0,0.3,1535304900.0
0,0.3,1535305200.0
0,0.3,1535305500.0
0,0.3,1535305800.0
0,0.3,1535306100.0
0,0.3,1535306400.0
0,0.3,1535306700.0
0,0.3,1535307000.0
0,0.3,1535307300.0
0,0.3,1535307600.0
0,0.4,1535307900.0
0,0.4,1535308200.0
0,0.3,1535308500.0
0,0.3,1535308800.0
0,0.3,1535309100.0
0,0.3,1535309400.0
0,0.3,1535309700.0
0,0.3,1535310000.0
0,0.3,1535310300.0
0,0.2,1535310600.0
0,0.3,1535310900.0
0,0.3,1535311200.0
0,0.3,1535311500.0
0,0.3,1535311800.0
0,0.3,1535312100.0
0,0.3,1535312400.0
0,0.3,1535312700.0
0,0.3,1535313000.0
0,0.3,1535313300.0
0,0.3,1535313600.0
0,0.3,1535313900.0
0,0.3,1535314200.0
0,0.2,1535314500.0
0,0.2,1535314800.0
0,0.2,1535315100.0
0,0.2,1535315400.0
0,0.2,1535315700.0
0,0.2,1535316000.0
0,0.2,1535316300.0
0,0.2,1535316600.0
0,0.2,1535316900.0
0,0.2,1535317200.0
0,0.2,1535317500.0
0,0.2,1535317800.0
0,0.2,1535318100.0
0,0.2,1535318400.0
0,0.1,1535318700.0
0,0.2,1535319000.0
0,0.2,1535319300.0
0,0.1,1535319600.0
0,0.1,1535319900.0
0,0.1,1535320200.0
0,0.2,1535320500.0
0,0.3,1535320800.0
0,0.2,1535321100.0
0,0.2,1535321400.0
0,0.2,1535321700.0
0,0.1,1535322000.0
0,0.1,1535322300.0
0,0.2,1535322600.0
0,0.2,1535322900.0
0,0.1,1535323200.0
0,0.1,1535323500.0
0,0.1,1535323800.0
0,0.1,1535324100.0
0,0.2,1535324400.0
0,0.1,1535324700.0
0,0.1,1535325000.0
0,0.1,1535325300.0
0,0.1,1535325600.0
0,0.1,1535325900.0
0,0.1,1535326200.0
0,0.1,1535326500.0
0,0.1,1535326800.0
0,0.1,1535327100.0
0,0.1,1535327400.0
0,0.1,1535327700.0
0,0.1,1535328000.0
0,0.0,1535328300.0
0,0.1,1535328600.0
0,0.1,1535328900.0
0,0.2,1535329200.0
0,0.1,1535329500.0
0,0.0,1535329800.0
0,0.1,1535330100.0
0,0.1,1535330400.0
0,0.1,1535330700.0
0,0.1,1535331000.0
0,0.1,1535331300.0
0,0.1,1535331600.0
0,0.1,1535331900.0
0,0.1,1535332200.0
0,0.1,1535332500.0
0,0.1,1535332800.0
0,0.0,1535333100.0
0,0.1,1535333400.0
0,0.0,1535333700.0
0,0.1,1535334000.0
0,0.0,1535334300.0
0,0.0,1535334600.0
0,0.0,1535334900.0
0,0.1,1535335200.0
0,0.1,1535335500.0
0,0.0,1535335800.0
0,0.0,1535336100.0
0,0.1,1535336400.0
0,0.0,1535336700.0
0,0.1,1535337000.0
0,0.0,1535337300.0
0,0.0,1535337600.0
0,0.0,1535337900.0
0,0.0,1535338200.0
0,0.0,1535338500.0
0,0.1,1535338800.0
0,0.2,1535339100.0
0,0.2,1535339400.0
0,0.5,1535339700.0
5,0.8,1535340000.0
43,0.12,1535340300.0
234,0.16,1535340600.0
349,0.21,1535340900.0
582,0.26,1535341200.0
911,0.33,1535341500.0
1271,0.54,1535341800.0
1643,0.65,1535342100.0
2056,0.84,1535342400.0
2536,0.97,1535342700.0
3057,1.9,1535343000.0
3527,1.22,1535343300.0
4038,1.37,1535343600.0
4588,1.53,1535343900.0
5174,1.72,1535344200.0
5857,1.88,1535344500.0
6397,2.2,1535344800.0
6970,2.18,1535345100.0
7729,2.41,1535345400.0
8541,2.6,1535345700.0
9244,2.76,1535346000.0
10011,2.95,1535346300.0
10701,3.16,1535346600.0
11547,3.38,1535346900.0
12346,3.59,1535347200.0
13125,3.79,1535347500.0
13964,4.2,1535347800.0
14774,4.2,1535348100.0
15557,4.41,1535348400.0
16337,4.61,1535348700.0
17126,4.82,1535349000.0
17868,4.96,1535349300.0
18550,5.17,1535349600.0
19247,5.31,1535349900.0
19835,5.49,1535350200.0
20572,5.7,1535350500.0
21364,5.89,1535350800.0
22077,6.7,1535351100.0
22659,6.24,1535351400.0
23321,6.43,1535351700.0
23976,6.61,1535352000.0
24641,6.76,1535352300.0
25130,6.93,1535352600.0
25743,7.12,1535352900.0
26439,7.27,1535353200.0
26983,7.46,1535353500.0
27469,7.57,1535353800.0
28019,7.71,1535354100.0
28499,7.88,1535354400.0
28954,8.5,1535354700.0
29388,8.11,1535355000.0
29689,8.18,1535355300.0
30015,8.31,1535355600.0
30287,8.42,1535355900.0
30705,8.57,1535356200.0
31005,8.69,1535356500.0
31515,8.84,1535356800.0
31824,8.93,1535357100.0
31946,8.96,1535357400.0
32368,9.11,1535357700.0
32747,9.26,1535358000.0
32901,9.32,1535358300.0
33211,9.36,1535358600.0
33359,9.46,1535358900.0
33424,9.5,1535359200.0
33645,9.61,1535359500.0
33858,9.73,1535359800.0
33917,9.71,1535360100.0
34160,9.78,1535360400.0
34259,9.82,1535360700.0
34439,9.88,1535361000.0
34431,9.88,1535361300.0
34432,9.91,1535361600.0
34599,9.95,1535361900.0
34671,9.99,1535362200.0
34650,9.96,1535362500.0
34418,9.99,1535362800.0
34609,10.1,1535363100.0
34617,9.95,1535363400.0
34628,9.98,1535363700.0
34613,9.95,1535364000.0
34509,9.9,1535364300.0
34537,9.84,1535364600.0
34343,9.82,1535364900.0
33922,9.78,1535365200.0
33781,9.71,1535365500.0
33677,9.67,1535365800.0
33585,9.55,1535366100.0
33296,9.48,1535366400.0
33087,9.44,1535366700.0
33023,9.36,1535367000.0
32971,9.35,1535367300.0
32759,9.23,1535367600.0
32679,9.23,1535367900.0
32500,9.4,1535368200.0
31728,8.84,1535368500.0
31736,8.86,1535368800.0
31348,8.7,1535369100.0
30649,8.45,1535369400.0
30393,8.39,1535369700.0
30382,8.32,1535370000.0
29975,8.26,1535370300.0
29833,8.32,1535370600.0
30204,8.23,1535370900.0
29589,8.1,1535371200.0
29037,7.89,1535371500.0
28478,7.74,1535371800.0
27584,7.54,1535372100.0
16832,7.44,1535372400.0
20090,1.48,1535372700.0
10743,6.28,1535373000.0
25260,7.19,1535373300.0
26219,7.3,1535373600.0
23322,2.14,1535373900.0
13463,6.59,1535374200.0
24957,6.75,1535374500.0
24640,6.6,1535374800.0
20175,5.99,1535375100.0
21454,6.14,1535375400.0
21972,5.95,1535375700.0
20412,5.59,1535376000.0
19954,5.58,1535376300.0
19527,5.4,1535376600.0
14268,4.46,1535376900.0
14782,4.42,1535377200.0
10049,4.16,1535377500.0
8120,1.17,1535377800.0
4352,1.17,1535378100.0
9393,2.62,1535378400.0
3567,0.95,1535378700.0
3777,1.7,1535379000.0
4710,1.64,1535379300.0
11113,3.5,1535379600.0
7329,1.11,1535379900.0
3754,0.95,1535380200.0
5702,2.7,1535380500.0
5017,1.11,1535380800.0
4589,1.2,1535381100.0
5257,1.11,1535381400.0
6117,0.88,1535381700.0
3531,0.83,1535382000.0
3427,1.14,1535382300.0
3619,0.76,1535382600.0
2982,0.75,1535382900.0
2856,0.68,1535383200.0
2584,0.62,1535383500.0
2391,0.52,1535383800.0
1727,0.41,1535384100.0
1316,0.35,1535384400.0
958,0.24,1535384700.0
644,0.18,1535385000.0
474,0.16,1535385300.0
345,0.12,1535385600.0
222,0.8,1535385900.0
93,0.5,1535386200.0
6,0.2,1535386500.0
0,0.0,1535386800.0
0,0.1,1535387100.0
0,0.2,1535387400.0
0,0.3,1535387700.0
0,0.4,1535388000.0
0,0.4,1535388300.0
0,0.4,1535388600.0
0,0.4,1535388900.0
0,0.3,1535389200.0
0,0.3,1535389500.0
0,0.3,1535389800.0
0,0.3,1535390100.0
0,0.3,1535390400.0
0,0.2,1535390700.0
0,0.3,1535391000.0
0,0.3,1535391300.0
0,0.3,1535391600.0
0,0.3,1535391900.0
0,0.3,1535392200.0
0,0.3,1535392500.0
0,0.3,1535392800.0
0,0.3,1535393100.0
0,0.0,1535393400.0
0,0.1,1535393700.0
0,0.1,1535394000.0
0,0.0,1535394300.0
0,0.0,1535394600.0
0,0.1,1535394900.0
0,0.1,1535395200.0
0,0.1,1535395500.0
0,0.2,1535395800.0
0,0.1,1535396100.0
0,0.0,1535396400.0
0,0.0,1535396700.0
0,0.1,1535397000.0
0,0.0,1535397300.0
0,0.1,1535397600.0
0,0.2,1535397900.0
0,0.2,1535398200.0
0,0.2,1535398500.0
0,0.2,1535398800.0
0,0.3,1535399100.0
0,0.3,1535399400.0
0,0.2,1535399700.0
0,0.2,1535400000.0
0,0.2,1535400300.0
0,0.2,1535400600.0
0,0.2,1535400900.0
0,0.2,1535401200.0
0,0.2,1535401500.0
0,0.2,1535401800.0
0,0.2,1535402100.0
0,0.2,1535402400.0
0,0.2,1535402700.0
0,0.2,1535403000.0
0,0.1,1535403300.0
0,0.2,1535403600.0
0,0.1,1535403900.0
0,0.1,1535404200.0
0,0.2,1535404500.0
0,0.2,1535404800.0
0,0.2,1535405100.0
0,0.2,1535405400.0
0,0.2,1535405700.0
0,0.2,1535406000.0
0,0.2,1535406300.0
0,0.2,1535406600.0
0,0.2,1535406900.0
0,0.2,1535407200.0
0,0.2,1535407500.0
0,0.1,1535407800.0
0,0.1,1535408100.0
0,0.1,1535408400.0
0,0.0,1535408700.0
0,0.0,1535409000.0
0,0.1,1535409300.0
0,0.1,1535409600.0
0,0.1,1535409900.0
0,0.1,1535410200.0
0,0.0,1535410500.0
0,0.0,1535410800.0
0,0.0,1535411100.0
0,0.1,1535411400.0
0,0.1,1535411700.0
0,0.0,1535412000.0
0,0.1,1535412300.0
0,0.1,1535412600.0
0,0.1,1535412900.0
0,0.1,1535413200.0
0,0.0,1535413500.0
0,0.1,1535413800.0
0,0.0,1535414100.0
0,0.0,1535414400.0
0,0.0,1535414700.0
0,0.1,1535415000.0
0,0.0,1535415300.0
0,0.1,1535415600.0
0,0.0,1535415900.0
0,0.0,1535416200.0
0,0.0,1535416500.0
0,0.0,1535416800.0
0,0.0,1535417100.0
0,0.1,1535417400.0
0,0.0,1535417700.0
0,0.0,1535418000.0
0,0.1,1535418300.0
0,0.0,1535418600.0
0,0.1,1535418900.0
0,0.0,1535419200.0
0,0.0,1535419500.0
0,0.1,1535419800.0
0,0.0,1535420100.0
0,0.0,1535420400.0
0,0.0,1535420700.0
0,0.1,1535421000.0
0,0.0,1535421300.0
0,0.0,1535421600.0
0,0.0,1535421900.0
0,0.0,1535422200.0
0,0.0,1535422500.0
0,0.0,1535422800.0
0,0.0,1535423100.0
0,0.0,1535423400.0
0,0.0,1535423700.0
0,0.1,1535424000.0
0,0.1,1535424300.0
0,0.1,1535424600.0
0,0.1,1535424900.0
0,0.0,1535425200.0
0,0.1,1535425500.0
0,0.1,1535425800.0
0,0.3,1535426100.0
0,0.5,1535426400.0
6,0.9,1535426700.0
50,0.12,1535427000.0
279,0.18,1535427300.0
402,0.23,1535427600.0
756,0.28,1535427900.0
1116,0.5,1535428200.0
1480,0.64,1535428500.0
1848,0.83,1535428800.0
2321,0.99,1535429100.0
2891,1.8,1535429400.0
3433,1.25,1535429700.0
4006,1.41,1535430000.0
4623,1.59,1535430300.0
5245,1.75,1535430600.0
5864,1.93,1535430900.0
6530,2.11,1535431200.0
7182,2.28,1535431500.0
7848,2.46,1535431800.0
8529,2.62,1535432100.0
9211,2.79,1535432400.0
9922,2.98,1535432700.0
10679,3.18,1535433000.0
11485,3.39,1535433300.0
12311,3.61,1535433600.0
13109,3.82,1535433900.0
13889,4.2,1535434200.0
14675,4.21,1535434500.0
15504,4.41,1535434800.0
16288,4.6,1535435100.0
17020,4.8,1535435400.0
17811,4.97,1535435700.0
18487,5.16,1535436000.0
19255,5.35,1535436300.0
19890,5.56,1535436600.0
20641,5.73,1535436900.0
21331,5.91,1535437200.0
22029,6.8,1535437500.0
22629,6.25,1535437800.0
23296,6.42,1535438100.0
23872,6.59,1535438400.0
24422,6.77,1535438700.0
24992,6.93,1535439000.0
25603,7.14,1535439300.0
26028,7.22,1535439600.0
26563,7.39,1535439900.0
27014,7.52,1535440200.0
27544,7.67,1535440500.0
27933,7.79,1535440800.0
28251,7.92,1535441100.0
28733,8.1,1535441400.0
29240,8.22,1535441700.0
29604,8.34,1535442000.0
29981,8.44,1535442300.0
30282,8.56,1535442600.0
30612,8.66,1535442900.0
30992,8.82,1535443200.0
31408,8.89,1535443500.0
31672,9.4,1535443800.0
32102,9.9,1535444100.0
32151,9.18,1535444400.0
32415,9.28,1535444700.0
32739,9.38,1535445000.0
33048,9.43,1535445300.0
33244,9.55,1535445600.0
33553,9.63,1535445900.0
33767,9.7,1535446200.0
34106,9.73,1535446500.0
34096,9.78,1535446800.0
34183,9.81,1535447100.0
34252,9.86,1535447400.0
34265,9.96,1535447700.0
34449,9.94,1535448000.0
34458,9.9,1535448300.0
34435,9.93,1535448600.0
34347,9.93,1535448900.0
34332,9.94,1535449200.0
34393,9.91,1535449500.0
34249,9.87,1535449800.0
34226,9.95,1535450100.0
34252,9.93,1535450400.0
34212,9.89,1535450700.0
34180,9.82,1535451000.0
33993,9.74,1535451300.0
33843,9.74,1535451600.0
33596,9.63,1535451900.0
33472,9.63,1535452200.0
33366,9.53,1535452500.0
33263,9.51,1535452800.0
32910,9.37,1535453100.0
32628,9.3,1535453400.0
32488,9.11,1535453700.0
31950,9.5,1535454000.0
31631,8.95,1535454300.0
31455,8.82,1535454600.0
30940,8.71,1535454900.0
30821,8.6,1535455200.0
30404,8.41,1535455500.0
30110,8.37,1535455800.0
29802,8.2,1535456100.0
29533,8.1,1535456400.0
28798,7.99,1535456700.0
28416,7.79,1535457000.0
28080,7.75,1535457300.0
27241,7.35,1535457600.0
27151,7.29,1535457900.0
27018,7.33,1535458200.0
26931,7.21,1535458500.0
26282,7.5,1535458800.0
24674,6.66,1535459100.0
25442,6.9,1535459400.0
25257,6.79,1535459700.0
24746,6.62,1535460000.0
23656,6.31,1535460300.0
22916,6.32,1535460600.0
22668,6.6,1535460900.0
21728,6.1,1535461200.0
21276,5.82,1535461500.0
20639,5.67,1535461800.0
18830,4.99,1535462100.0
13834,5.46,1535462400.0
19443,5.33,1535462700.0
18662,5.5,1535463000.0
17652,4.84,1535463300.0
17073,4.66,1535463600.0
16266,4.38,1535463900.0
15467,4.37,1535464200.0
14973,4.18,1535464500.0
14611,3.76,1535464800.0
8177,3.43,1535465100.0
8999,3.63,1535465400.0
11496,3.45,1535465700.0
12849,3.37,1535466000.0
11805,3.13,1535466300.0
10716,2.89,1535466600.0
10041,2.7,1535466900.0
9184,2.49,1535467200.0
8264,2.29,1535467500.0
7297,1.98,1535467800.0
4695,1.4,1535468100.0
5069,1.66,1535468400.0
5068,1.41,1535468700.0
4488,1.24,1535469000.0
2871,0.65,1535469300.0
2792,0.55,1535469600.0
2724,0.55,1535469900.0
2646,0.48,1535470200.0
2018,0.37,1535470500.0
1659,0.3,1535470800.0
1250,0.25,1535471100.0
975,0.21,1535471400.0
782,0.17,1535471700.0
542,0.12,1535472000.0
344,0.8,1535472300.0
210,0.6,1535472600.0
94,0.2,1535472900.0
4,0.1,1535473200.0
0,0.2,1535473500.0
0,0.3,1535473800.0
0,0.4,1535474100.0
0,0.4,1535474400.0
0,0.4,1535474700.0
0,0.4,1535475000.0
0,0.4,1535475300.0
0,0.4,1535475600.0
0,0.4,1535475900.0
0,0.3,1535476200.0
0,0.3,1535476500.0
0,0.4,1535476800.0
0,0.4,1535477100.0
0,0.4,1535477400.0
0,0.4,1535477700.0
0,0.3,1535478000.0
0,0.3,1535478300.0
0,0.4,1535478600.0
0,0.4,1535478900.0
0,0.3,1535479200.0
0,0.3,1535479500.0
0,0.4,1535479800.0
0,0.3,1535480100.0
0,0.3,1535480400.0
0,0.5,1535480700.0
0,0.3,1535481000.0
0,0.3,1535481300.0
0,0.3,1535481600.0
0,0.3,1535481900.0
0,0.3,1535482200.0
0,0.3,1535482500.0
0,0.3,1535482800.0
0,0.3,1535483100.0
0,0.2,1535483400.0
0,0.2,1535483700.0
0,0.2,1535484000.0
0,0.2,1535484300.0
0,0.2,1535484600.0
0,0.3,1535484900.0
0,0.2,1535485200.0
0,0.4,1535485500.0
0,0.3,1535485800.0
0,0.2,1535486100.0
0,0.2,1535486400.0
0,0.4,1535486700.0
0,0.2,1535487000.0
0,0.2,1535487300.0
0,0.2,1535487600.0
0,0.1,1535487900.0
0,0.3,1535488200.0
0,0.1,1535488500.0
0,0.1,1535488800.0
0,0.1,1535489100.0
0,0.1,1535489400.0
0,0.2,1535489700.0
0,0.1,1535490000.0
0,0.2,1535490300.0
0,0.1,1535490600.0
0,0.2,1535490900.0
0,0.1,1535491200.0
0,0.2,1535491500.0
0,0.2,1535491800.0
0,0.1,1535492100.0
0,0.1,1535492400.0
0,0.1,1535492700.0
0,0.2,1535493000.0
0,0.1,1535493300.0
0,0.1,1535493600.0
0,0.1,1535493900.0
0,0.1,1535494200.0
0,0.2,1535494500.0
0,0.2,1535494800.0
0,0.1,1535495100.0
0,0.1,1535495400.0
0,0.1,1535495700.0
0,0.1,1535496000.0
0,0.1,1535496300.0
0,0.1,1535496600.0
0,0.0,1535496900.0
0,0.0,1535497200.0
0,0.0,1535497500.0
0,0.1,1535497800.0
0,0.1,1535498100.0
0,0.0,1535498400.0
0,0.1,1535498700.0
0,0.0,1535499000.0
0,0.0,1535499300.0
0,0.1,1535499600.0
0,0.1,1535499900.0
0,0.0,1535500200.0
0,0.0,1535500500.0
0,0.1,1535500800.0
0,0.1,1535501100.0
0,0.1,1535501400.0
0,0.2,1535501700.0
0,0.1,1535502000.0
0,0.0,1535502300.0
0,0.1,1535502600.0
0,0.1,1535502900.0
0,0.1,1535503200.0
0,0.0,1535503500.0
0,0.1,1535503800.0
0,0.0,1535504100.0
0,0.1,1535504400.0
0,0.1,1535504700.0
0,0.1,1535505000.0
0,0.2,1535505300.0
0,0.0,1535505600.0
0,0.0,1535505900.0
0,0.1,1535506200.0
0,0.1,1535506500.0
0,0.1,1535506800.0
0,0.1,1535507100.0
0,0.1,1535507400.0
0,0.0,1535507700.0
0,0.1,1535508000.0
0,0.1,1535508300.0
0,0.0,1535508600.0
0,0.1,1535508900.0
0,0.0,1535509200.0
0,0.1,1535509500.0
0,0.1,1535509800.0
0,0.0,1535510100.0
0,0.0,1535510400.0
0,0.1,1535510700.0
0,0.1,1535511000.0
0,0.0,1535511300.0
0,0.0,1535511600.0
0,0.2,1535511900.0
0,0.2,1535512200.0
0,0.3,1535512500.0
0,0.7,1535512800.0
18,0.1,1535513100.0
141,0.14,1535513400.0
329,0.18,1535513700.0
468,0.22,1535514000.0
649,0.27,1535514300.0
934,0.38,1535514600.0
1189,0.4,1535514900.0
1192,0.44,1535515200.0
1381,0.55,1535515500.0
1967,0.52,1535515800.0
2300,1.25,1535516100.0
3916,1.44,1535516400.0
4346,1.71,1535516700.0
4377,0.99,1535517000.0
5290,1.23,1535517300.0
5608,1.27,1535517600.0
4713,0.99,1535517900.0
3711,0.93,1535518200.0
4168,1.17,1535518500.0
6031,1.48,1535518800.0
6467,2.19,1535519100.0
11550,3.59,1535519400.0
11285,1.52,1535519700.0
12783,3.34,1535520000.0
15235,4.19,1535520300.0
14973,4.16,1535520600.0
12508,4.21,1535520900.0
15778,4.52,1535521200.0
16670,4.67,1535521500.0
17110,4.8,1535521800.0
17588,4.98,1535522100.0
18300,5.15,1535522400.0
18849,5.26,1535522700.0
19301,5.47,1535523000.0
20213,5.69,1535523300.0
20330,5.44,1535523600.0
19528,4.9,1535523900.0
20295,5.6,1535524200.0
18706,5.38,1535524500.0
23144,6.93,1535524800.0
24811,6.92,1535525100.0
26012,6.7,1535525400.0
23195,6.41,1535525700.0
23905,7.5,1535526000.0
25715,7.14,1535526300.0
22209,6.77,1535526600.0
25399,5.55,1535526900.0
24220,7.81,1535527200.0
22394,4.89,1535527500.0
27837,7.91,1535527800.0
22965,4.51,1535528100.0
30875,8.75,1535528400.0
30470,7.59,1535528700.0
29792,8.62,1535529000.0
31337,8.73,1535529300.0
29873,8.58,1535529600.0
30667,7.45,1535529900.0
27399,7.89,1535530200.0
27505,7.52,1535530500.0
32230,8.88,1535530800.0
33461,9.39,1535531100.0
33484,9.54,1535531400.0
31205,9.44,1535531700.0
33466,9.54,1535532000.0
33548,9.55,1535532300.0
33484,9.61,1535532600.0
33311,9.61,1535532900.0
33441,9.55,1535533200.0
33546,9.62,1535533500.0
33513,9.49,1535533800.0
33580,9.83,1535534100.0
34024,9.85,1535534400.0
34047,9.8,1535534700.0
33969,9.88,1535535000.0
33565,9.42,1535535300.0
30869,9.73,1535535600.0
33424,9.58,1535535900.0
32935,9.45,1535536200.0
33666,9.59,1535536500.0
33310,9.63,1535536800.0
33519,9.59,1535537100.0
33314,9.72,1535537400.0
33445,9.77,1535537700.0
33540,9.61,1535538000.0
32949,9.22,1535538300.0
32783,9.26,1535538600.0
32631,9.5,1535538900.0
32971,9.37,1535539200.0
32757,9.29,1535539500.0
32312,9.21,1535539800.0
31793,9.17,1535540100.0
32121,9.4,1535540400.0
31657,8.94,1535540700.0
31305,8.76,1535541000.0
30869,8.63,1535541300.0
30464,8.6,1535541600.0
30151,8.43,1535541900.0
29861,8.29,1535542200.0
29643,8.25,1535542500.0
29276,8.7,1535542800.0
28939,7.93,1535543100.0
28866,8.1,1535543400.0
28673,7.83,1535543700.0
28490,7.84,1535544000.0
27797,7.49,1535544300.0
26696,7.25,1535544600.0
26464,7.33,1535544900.0
25229,6.9,1535545200.0
25781,7.0,1535545500.0
25661,6.86,1535545800.0
24923,6.73,1535546100.0
24622,6.68,1535546400.0
24036,6.45,1535546700.0
22990,6.31,1535547000.0
22384,6.12,1535547300.0
22100,6.0,1535547600.0
21378,5.87,1535547900.0
20695,5.68,1535548200.0
20158,5.53,1535548500.0
19422,5.38,1535548800.0
18551,5.17,1535549100.0
18054,5.1,1535549400.0
17846,4.88,1535549700.0
16674,4.59,1535550000.0
16059,4.44,1535550300.0
15346,4.2,1535550600.0
14373,3.95,1535550900.0
13531,3.71,1535551200.0
12956,3.5,1535551500.0
12166,3.26,1535551800.0
11372,3.7,1535552100.0
10793,2.96,1535552400.0
10261,2.85,1535552700.0
9496,2.85,1535553000.0
10128,2.81,1535553300.0
9881,2.74,1535553600.0
9745,2.66,1535553900.0
9537,2.54,1535554200.0
8875,2.34,1535554500.0
8137,2.9,1535554800.0
7075,1.8,1535555100.0
5763,1.44,1535555400.0
4150,0.77,1535555700.0
2819,0.46,1535556000.0
1834,0.33,1535556300.0
1182,0.24,1535556600.0
735,0.16,1535556900.0
437,0.13,1535557200.0
235,0.9,1535557500.0
77,0.7,1535557800.0
27,0.5,1535558100.0
0,0.3,1535558400.0
0,0.2,1535558700.0
0,0.1,1535559000.0
0,0.3,1535559300.0
0,0.4,1535559600.0
0,0.4,1535559900.0
0,0.6,1535560200.0
0,0.3,1535560500.0
0,0.0,1535560800.0
0,0.1,1535561100.0
0,0.1,1535561400.0
0,0.0,1535561700.0
0,0.1,1535562000.0
0,0.1,1535562300.0
0,0.1,1535562600.0
0,0.1,1535562900.0
0,0.1,1535563200.0
0,0.0,1535563500.0
0,0.0,1535563800.0
0,0.1,1535564100.0
0,0.0,1535564400.0
0,0.2,1535564700.0
0,0.2,1535565000.0
0,0.1,1535565300.0
0,0.1,1535565600.0
0,0.1,1535565900.0
0,0.0,1535566200.0
0,0.1,1535566500.0
0,0.0,1535566800.0
0,0.1,1535567100.0
0,0.1,1535567400.0
0,0.1,1535567700.0
0,0.1,1535568000.0
0,0.1,1535568300.0
0,0.2,1535568600.0
0,0.2,1535568900.0
0,0.2,1535569200.0
0,0.2,1535569500.0
0,0.2,1535569800.0
0,0.2,1535570100.0
0,0.1,1535570400.0
0,0.1,1535570700.0
0,0.1,1535571000.0
0,0.1,1535571300.0
0,0.1,1535571600.0
0,0.0,1535571900.0
0,0.1,1535572200.0
0,0.1,1535572500.0
0,0.1,1535572800.0
0,0.0,1535573100.0
0,0.0,1535573400.0
0,0.0,1535573700.0
0,0.0,1535574000.0
0,0.1,1535574300.0
0,0.1,1535574600.0
0,0.1,1535574900.0
0,0.0,1535575200.0
0,0.0,1535575500.0
0,0.0,1535575800.0
0,0.0,1535576100.0
0,0.0,1535576400.0
0,0.1,1535576700.0
0,0.0,1535577000.0
0,0.1,1535577300.0
0,0.0,1535577600.0
0,0.1,1535577900.0
0,0.1,1535578200.0
0,0.1,1535578500.0
0,0.1,1535578800.0
0,0.1,1535579100.0
0,0.1,1535579400.0
0,0.1,1535579700.0
0,0.1,1535580000.0
0,0.0,1535580300.0
0,0.1,1535580600.0
0,0.1,1535580900.0
0,0.1,1535581200.0
0,0.0,1535581500.0
0,0.2,1535581800.0
0,0.2,1535582100.0
0,0.1,1535582400.0
0,0.1,1535582700.0
0,0.1,1535583000.0
0,0.0,1535583300.0
0,0.1,1535583600.0
0,0.1,1535583900.0
0,0.1,1535584200.0
0,0.1,1535584500.0
0,0.1,1535584800.0
0,0.1,1535585100.0
0,0.0,1535585400.0
0,0.0,1535585700.0
0,0.1,1535586000.0
0,0.1,1535586300.0
0,0.1,1535586600.0
0,0.0,1535586900.0
0,0.1,1535587200.0
34831,9.84,1536831900.0
30029,9.91,1536832200.0
33882,9.76,1536832500.0
34003,9.59,1536832800.0
32245,9.18,1536833100.0
17649,2.88,1536833400.0
32479,7.83,1536833700.0
34125,9.99,1536834000.0
34446,9.65,1536834300.0
34093,9.61,1536834600.0
32971,9.52,1536834900.0
32794,9.42,1536835200.0
32948,9.46,1536835500.0
32667,9.25,1536835800.0
32092,9.2,1536836100.0
32538,9.34,1536836400.0
24904,2.47,1536836700.0
23858,7.9,1536837000.0
24695,3.5,1536837300.0
33591,7.93,1536837600.0
18189,1.75,1536837900.0
4948,1.14,1536838200.0
4293,1.11,1536838500.0
3709,0.88,1536838800.0
3401,0.85,1536839100.0
2536,0.52,1536839400.0
1570,0.4,1536839700.0
1328,0.48,1536840000.0
2526,0.87,1536840300.0
4043,0.97,1536840600.0
12387,4.63,1536840900.0
19141,2.55,1536841200.0
19383,7.1,1536841500.0
22671,7.0,1536841800.0
27814,7.25,1536842100.0
18425,2.22,1536842400.0
17746,7.3,1536842700.0
25988,6.69,1536843000.0
25577,6.58,1536843300.0
22789,5.84,1536843600.0
21488,5.77,1536843900.0
21233,4.36,1536844200.0
14349,3.87,1536844500.0
7324,1.7,1536844800.0
3823,1.3,1536845100.0
3833,0.88,1536845400.0
3486,0.86,1536845700.0
3757,1.2,1536846000.0
4502,1.1,1536846300.0
3165,0.59,1536846600.0
1743,0.54,1536846900.0
2004,0.5,1536847500.0
1180,0.4,1536847800.0
1459,0.5,1536848100.0
2187,0.79,1536848400.0
3453,0.85,1536848700.0
3460,1.2,1536849000.0
4129,1.16,1536849300.0
2513,0.61,1536849600.0
1832,0.47,1536849900.0
1415,0.5,1536850200.0
1867,0.51,1536850500.0
1857,0.42,1536850800.0
1267,0.37,1536851100.0
1087,0.36,1536851400.0
893,0.25,1536851700.0
503,0.19,1536852000.0
290,0.15,1536852300.0
181,0.13,1536852600.0
135,0.12,1536852900.0
100,0.1,1536853200.0
53,0.7,1536853500.0
17,0.6,1536853800.0
12,0.5,1536854100.0
1,0.1,1536854400.0
0,0.1,1536854700.0
0,0.1,1536855000.0
0,0.2,1536855300.0
0,0.1,1536855600.0
0,0.2,1536855900.0
0,0.2,1536856200.0
0,0.2,1536856500.0
0,0.2,1536856800.0
0,0.1,1536857100.0
0,0.1,1536857400.0
0,0.1,1536857700.0
0,0.1,1536858000.0
0,0.1,1536858300.0
0,0.1,1536858600.0
0,0.1,1536858900.0
0,0.1,1536859200.0
0,0.1,1536859500.0
0,0.1,1536859800.0
0,0.0,1536860100.0
0,0.1,1536860400.0
0,0.1,1536860700.0
0,0.2,1536861000.0
0,0.1,1536861300.0
0,0.0,1536861600.0
0,0.0,1536861900.0
0,0.0,1536862200.0
0,0.1,1536862500.0
0,0.0,1536862800.0
0,0.1,1536863100.0
0,0.1,1536863400.0
0,0.1,1536863700.0
0,0.0,1536864000.0
0,0.1,1536864300.0
0,0.1,1536864600.0
0,0.1,1536864900.0
0,0.0,1536865200.0
0,0.0,1536865500.0
0,0.1,1536865800.0
0,0.0,1536866100.0
0,0.0,1536866400.0
0,0.0,1536866700.0
0,0.1,1536867000.0
0,0.1,1536867300.0
0,0.1,1536867600.0
0,0.0,1536867900.0
0,0.1,1536868200.0
0,0.0,1536868500.0
0,0.0,1536868800.0
0,0.1,1536869100.0
0,0.1,1536869400.0
0,0.1,1536869700.0
0,0.1,1536870000.0
0,0.1,1536870300.0
0,0.0,1536870600.0
0,0.1,1536870900.0
0,0.1,1536871200.0
0,0.0,1536871500.0
0,0.2,1536871800.0
0,0.1,1536872100.0
0,0.2,1536872400.0
0,0.2,1536872700.0
0,0.2,1536873000.0
0,0.1,1536873300.0
0,0.2,1536873600.0
0,0.1,1536873900.0
0,0.0,1536874200.0
0,0.1,1536874500.0
0,0.1,1536874800.0
0,0.2,1536875100.0
0,0.1,1536875400.0
0,0.1,1536875700.0
0,0.1,1536876000.0
0,0.1,1536876300.0
0,0.1,1536876600.0
0,0.1,1536876900.0
0,0.1,1536877200.0
0,0.0,1536877500.0
0,0.1,1536877800.0
0,0.1,1536878100.0
0,0.1,1536878400.0
0,0.1,1536878700.0
0,0.0,1536879000.0
0,0.0,1536879300.0
0,0.0,1536879600.0
0,0.1,1536879900.0
0,0.0,1536880200.0
0,0.1,1536880500.0
0,0.1,1536880800.0
0,0.1,1536881100.0
0,0.0,1536881400.0
0,0.1,1536881700.0
0,0.1,1536882000.0
0,0.1,1536882300.0
0,0.0,1536882600.0
0,0.1,1536882900.0
0,0.1,1536883200.0
0,0.0,1536883500.0
0,0.0,1536883800.0
0,0.0,1536884100.0
0,0.0,1536884400.0
0,0.0,1536884700.0
0,0.0,1536885000.0
0,0.0,1536885300.0
0,0.1,1536885600.0
0,0.1,1536885900.0
0,0.0,1536886200.0
0,0.0,1536886500.0
0,0.0,1536886800.0
0,0.1,1536887100.0
0,0.1,1536887400.0
0,0.1,1536887700.0
0,0.1,1536888000.0
0,0.1,1536888300.0
0,0.1,1536888600.0
0,0.0,1536888900.0
0,0.1,1536889200.0
0,0.1,1536889500.0
0,0.0,1536889800.0
0,0.0,1536890100.0
0,0.0,1536890400.0
0,0.0,1536890700.0
0,0.0,1536891000.0
0,0.0,1536891300.0
0,0.0,1536891600.0
0,0.0,1536891900.0
0,0.0,1536892200.0
0,0.0,1536892500.0
0,0.1,1536892800.0
0,0.1,1536893100.0
0,0.0,1536893400.0
0,0.1,1536893700.0
0,0.1,1536894000.0
0,0.0,1536894300.0
0,0.0,1536894600.0
0,0.1,1536894900.0
0,0.2,1536895200.0
0,0.3,1536895500.0
0,0.4,1536895800.0
0,0.8,1536896100.0
55,0.15,1536896400.0
348,0.2,1536896700.0
464,0.24,1536897000.0
682,0.27,1536897300.0
972,0.46,1536897600.0
1300,0.84,1536897900.0
1564,0.96,1536898200.0
2095,1.4,1536898500.0
2563,0.58,1536898800.0
3252,1.5,1536899100.0
4000,0.72,1536899400.0
4550,1.63,1536899700.0
5296,1.87,1536900000.0
5915,1.96,1536900300.0
6894,2.23,1536900600.0
7713,2.43,1536900900.0
8565,2.63,1536901200.0
9301,2.51,1536901500.0
9331,3.2,1536901800.0
11089,3.27,1536902100.0
11581,3.4,1536902400.0
12303,3.63,1536902700.0
13043,3.8,1536903000.0
13641,3.96,1536903300.0
7560,3.65,1536903600.0
15377,4.48,1536903900.0
16354,4.69,1536904200.0
16765,4.77,1536904500.0
17837,5.9,1536904800.0
18817,5.31,1536905100.0
19358,5.44,1536905400.0
20179,5.69,1536905700.0
20999,5.88,1536906000.0
21543,5.95,1536906300.0
22155,6.25,1536906600.0
23171,6.43,1536906900.0
23483,6.5,1536907200.0
24022,6.75,1536907500.0
24900,6.92,1536907800.0
25378,7.8,1536908100.0
26064,7.28,1536908400.0
26741,7.44,1536908700.0
27568,7.64,1536909000.0
28009,7.83,1536909300.0
28568,7.96,1536909600.0
28929,8.4,1536909900.0
29442,8.3,1536910200.0
29762,8.36,1536910500.0
30382,8.54,1536910800.0
30736,8.68,1536911100.0
31353,8.77,1536911400.0
31501,8.77,1536911700.0
14395,9.1,1536912300.0
29011,9.1,1536912600.0
29160,9.16,1536912900.0
29784,9.41,1536913200.0
30345,9.52,1536913500.0
10746,9.59,1536913800.0
32355,9.54,1536914100.0
33705,9.74,1536914400.0
33982,9.8,1536914700.0
34485,9.81,1536915000.0
34310,9.91,1536915300.0
33616,9.72,1536915600.0
33938,9.77,1536915900.0
34906,10.4,1536916200.0
34917,9.95,1536916500.0
35769,10.39,1536916800.0
32050,10.35,1536917100.0
35383,10.23,1536917400.0
35938,10.36,1536917700.0
36957,10.65,1536918000.0
31535,10.47,1536918300.0
34240,3.98,1536918600.0
13422,3.85,1536918900.0
10962,2.99,1536919200.0
16738,11.16,1536919500.0
41000,10.86,1536919800.0
14267,2.6,1536920100.0
22908,3.72,1536920400.0
8921,2.63,1536920700.0
35744,10.59,1536921000.0
32755,4.38,1536921300.0
34363,6.85,1536921600.0
35779,9.83,1536921900.0
35403,9.91,1536922200.0
35887,10.0,1536922500.0
35591,9.92,1536922800.0
35347,9.51,1536923100.0
33850,9.61,1536923400.0
33558,9.24,1536923700.0
33394,9.59,1536924000.0
24112,2.25,1536924300.0
11766,3.36,1536924600.0
11008,1.99,1536924900.0
27464,9.38,1536925200.0
30439,8.64,1536925500.0
27962,2.97,1536925800.0
23207,5.6,1536926100.0
24458,8.63,1536926400.0
30914,7.99,1536926700.0
28536,7.55,1536927000.0
27441,7.51,1536927300.0
27107,7.38,1536927600.0
23953,7.12,1536927900.0
25199,6.73,1536928200.0
12622,1.44,1536928500.0
17039,6.65,1536928800.0
24674,6.74,1536929100.0
20824,6.15,1536929400.0
22318,6.3,1536929700.0
21251,6.51,1536930000.0
22636,5.96,1536930300.0
20998,5.73,1536930600.0
15444,1.39,1536930900.0
6486,4.8,1536931200.0
13802,1.75,1536931500.0
7351,4.73,1536931800.0
11924,1.68,1536932100.0
7241,1.51,1536932400.0
4681,1.7,1536932700.0
4577,1.48,1536933000.0
5787,1.34,1536933300.0
4521,1.17,1536933600.0
4996,1.24,1536933900.0
3873,0.89,1536934200.0
6309,2.2,1536934500.0
4944,1.0,1536934800.0
3064,0.6,1536935100.0
1460,0.44,1536935400.0
1548,0.51,1536935700.0
2033,0.6,1536936000.0
4225,1.6,1536936300.0
5435,1.77,1536936600.0
6410,1.2,1536936900.0
5985,0.98,1536937200.0
4169,0.67,1536937500.0
3061,0.56,1536937800.0
2410,0.41,1536938100.0
1664,0.34,1536938400.0
1092,0.29,1536938700.0
957,0.26,1536939000.0
819,0.25,1536939300.0
699,0.23,1536939600.0
459,0.14,1536939900.0
240,0.11,1536940200.0
100,0.5,1536940500.0
2,0.2,1536940800.0
0,0.1,1536941100.0
0,0.1,1536941400.0
0,0.1,1536941700.0
0,0.2,1536942000.0
0,0.2,1536942300.0
0,0.2,1536942600.0
0,0.2,1536942900.0
0,0.2,1536943200.0
0,0.2,1536943500.0
0,0.2,1536943800.0
0,0.3,1536944100.0
0,0.2,1536944400.0
0,0.2,1536944700.0
0,0.2,1536945000.0
0,0.2,1536945300.0
0,0.2,1536945600.0
0,0.2,1536945900.0
0,0.2,1536946200.0
0,0.2,1536946500.0
0,0.2,1536946800.0
0,0.2,1536947100.0
0,0.1,1536947400.0
0,0.1,1536947700.0
0,0.0,1536948000.0
0,0.0,1536948300.0
0,0.1,1536948600.0
0,0.1,1536948900.0
0,0.2,1536949200.0
0,0.2,1536949500.0
0,0.2,1536949800.0
0,0.2,1536950100.0
0,0.2,1536950400.0
0,0.1,1536950700.0
0,0.2,1536951000.0
0,0.2,1536951300.0
0,0.2,1536951600.0
0,0.1,1536951900.0
0,0.2,1536952200.0
0,0.1,1536952500.0
0,0.2,1536952800.0
0,0.2,1536953100.0
0,0.2,1536953400.0
0,0.2,1536953700.0
0,0.2,1536954000.0
0,0.1,1536954300.0
0,0.2,1536954600.0
0,0.1,1536954900.0
0,0.2,1536955200.0
0,0.1,1536955500.0
0,0.2,1536955800.0
0,0.1,1536956100.0
0,0.2,1536956400.0
0,0.1,1536956700.0
0,0.1,1536957000.0
0,0.1,1536957300.0
0,0.1,1536957600.0
0,0.0,1536957900.0
0,0.1,1536958200.0
0,0.0,1536958500.0
0,0.0,1536958800.0
0,0.0,1536959100.0
0,0.1,1536959400.0
0,0.1,1536959700.0
0,0.1,1536960000.0
0,0.0,1536960300.0
0,0.1,1536960600.0
0,0.1,1536960900.0
0,0.1,1536961200.0
0,0.1,1536961500.0
0,0.1,1536961800.0
0,0.1,1536962100.0
0,0.1,1536962400.0
0,0.1,1536962700.0
0,0.1,1536963000.0
0,0.1,1536963300.0
0,0.0,1536963600.0
0,0.0,1536963900.0
0,0.0,1536964200.0
0,0.0,1536964500.0
0,0.1,1536964800.0
0,0.0,1536965100.0
0,0.1,1536965400.0
0,0.1,1536965700.0
0,0.0,1536966000.0
0,0.1,1536966300.0
0,0.1,1536966600.0
0,0.1,1536966900.0
0,0.1,1536967200.0
0,0.1,1536967500.0
0,0.1,1536967800.0
0,0.1,1536968100.0
0,0.0,1536968400.0
0,0.1,1536968700.0
0,0.0,1536969000.0
0,0.1,1536969300.0
0,0.1,1536969600.0
0,0.0,1536969900.0
0,0.0,1536970200.0
0,0.0,1536970500.0
0,0.0,1536970800.0
0,0.0,1536971100.0
0,0.0,1536971400.0
0,0.0,1536971700.0
0,0.0,1536972000.0
0,0.0,1536972300.0
0,0.0,1536972600.0
0,0.0,1536972900.0
0,0.0,1536973200.0
0,0.0,1536973500.0
0,0.0,1536973800.0
0,0.0,1536974100.0
0,0.1,1536974400.0
0,0.1,1536974700.0
0,0.1,1536975000.0
0,0.1,1536975300.0
0,0.1,1536975600.0
0,0.1,1536975900.0
0,0.1,1536976200.0
0,0.1,1536976500.0
0,0.1,1536976800.0
0,0.1,1536977100.0
0,0.0,1536977400.0
0,0.1,1536977700.0
0,0.1,1536978000.0
0,0.1,1536978300.0
0,0.0,1536978600.0
0,0.0,1536978900.0
0,0.0,1536979200.0
0,0.0,1536979500.0
0,0.0,1536979800.0
0,0.1,1536980100.0
0,0.1,1536980400.0
0,0.1,1536980700.0
0,0.1,1536981000.0
0,0.1,1536981300.0
0,0.2,1536981600.0
0,0.2,1536981900.0
0,0.3,1536982200.0
0,0.4,1536982500.0
0,0.5,1536982800.0
0,0.7,1536983100.0
5,0.1,1536983400.0
20,0.11,1536983700.0
10,0.9,1536984000.0
20,0.15,1536984300.0
333,0.24,1536984600.0
515,0.23,1536984900.0
540,0.25,1536985200.0
634,0.31,1536985500.0
1119,0.45,1536985800.0
1867,0.66,1536986100.0
3084,0.9,1536986400.0
3511,0.92,1536986700.0
3803,1.11,1536987000.0
4428,1.1,1536987300.0
3738,0.88,1536987600.0
3245,0.82,1536987900.0
3306,0.93,1536988200.0
4836,1.36,1536988500.0
6146,1.61,1536988800.0
7854,2.27,1536989100.0
8695,4.3,1536989400.0
15563,4.5,1536989700.0
13220,2.62,1536990000.0
19686,6.38,1536990300.0
14044,2.34,1536990600.0
9112,2.3,1536990900.0
7636,1.86,1536991200.0
7624,2.3,1536991500.0
10427,3.7,1536991800.0
11771,2.96,1536992100.0
11121,2.39,1536992400.0
10043,2.29,1536992700.0
9964,2.25,1536993000.0
8236,1.87,1536993300.0
8364,2.4,1536993600.0
8741,2.8,1536993900.0
9323,2.25,1536994200.0
10517,2.83,1536994500.0
13908,3.47,1536994800.0
14416,3.58,1536995100.0
15361,3.88,1536995400.0
12510,2.59,1536995700.0
10132,2.34,1536996000.0
9594,2.24,1536996300.0
10462,2.82,1536996600.0
17835,4.46,1536996900.0
14163,2.29,1536997200.0
7215,1.6,1536997500.0
6354,1.46,1536997800.0
6722,1.86,1536998100.0
9336,2.0,1536998400.0
5389,1.22,1536998700.0
7968,3.21,1536999000.0
8130,1.68,1536999300.0
9906,2.7,1536999600.0
13529,3.6,1536999900.0
13482,2.87,1537000200.0
11852,2.45,1537000500.0
9270,1.9,1537000800.0
8414,1.92,1537001100.0
9811,2.35,1537001400.0
11416,2.72,1537001700.0
12828,3.7,1537002000.0
14758,3.4,1537002300.0
14534,3.36,1537002600.0
16105,3.9,1537002900.0
16981,3.99,1537003200.0
17703,4.24,1537003500.0
20782,5.7,1537003800.0
22746,5.25,1537004100.0
21421,5.0,1537004400.0
18879,3.97,1537004700.0
15700,3.83,1537005000.0
16820,3.88,1537005300.0
17370,4.35,1537005600.0
18058,4.46,1537005900.0
23501,6.67,1537006200.0
24995,6.0,1537006500.0
30797,11.17,1537006800.0
33006,6.75,1537007100.0
37188,12.4,1537007400.0
28269,6.65,1537007700.0
36825,9.97,1537008000.0
36373,10.14,1537008300.0
33205,8.66,1537008600.0
30055,9.57,1537008900.0
34644,9.53,1537009200.0
33691,9.28,1537009500.0
14434,2.14,1537009800.0
31892,9.44,1537010100.0
33685,9.7,1537010400.0
32543,8.92,1537010700.0
31684,8.79,1537011000.0
31446,8.65,1537011300.0
16787,1.76,1537011600.0
11077,2.74,1537011900.0
18857,6.29,1537012200.0
13028,2.84,1537012500.0
30445,8.99,1537012800.0
28682,7.76,1537013100.0
15324,2.16,1537013400.0
15240,9.9,1537013700.0
27217,8.18,1537014000.0
25761,3.92,1537014300.0
17320,3.88,1537014600.0
15771,3.41,1537014900.0
13380,4.54,1537015200.0
24803,7.33,1537015500.0
17254,2.99,1537015800.0
9129,2.6,1537016100.0
10456,5.18,1537016400.0
13321,2.21,1537016700.0
7751,1.73,1537017000.0
6312,1.5,1537017300.0
5770,1.38,1537017600.0
5704,1.45,1537017900.0
6028,1.47,1537018200.0
5928,1.5,1537018500.0
7104,1.91,1537018800.0
10992,1.93,1537019100.0
6903,1.62,1537019400.0
6584,1.56,1537019700.0
5922,1.41,1537020000.0
4886,1.18,1537020300.0
4490,1.16,1537020600.0
4603,1.24,1537020900.0
4527,1.8,1537021200.0
3560,0.86,1537021500.0
2642,0.71,1537021800.0
3265,1.73,1537022100.0
2854,0.55,1537022400.0
1568,0.43,1537022700.0
1221,0.36,1537023000.0
941,0.29,1537023300.0
705,0.24,1537023600.0
521,0.18,1537023900.0
370,0.16,1537024200.0
281,0.13,1537024500.0
203,0.12,1537024800.0
179,0.11,1537025100.0
201,0.11,1537025400.0
176,0.11,1537025700.0
130,0.9,1537026000.0
58,0.7,1537026300.0
9,0.4,1537026600.0
0,0.2,1537026900.0
0,0.1,1537027200.0
0,0.0,1537027500.0
0,0.1,1537027800.0
0,0.2,1537028100.0
0,0.2,1537028400.0
0,0.2,1537028700.0
0,0.2,1537029000.0
0,0.2,1537029300.0
0,0.2,1537029600.0
0,0.2,1537029900.0
0,0.2,1537030200.0
0,0.2,1537030500.0
0,0.2,1537030800.0
0,0.2,1537031100.0
0,0.3,1537031400.0
0,0.2,1537031700.0
0,0.1,1537032000.0
0,0.2,1537032300.0
0,0.2,1537032600.0
0,0.2,1537032900.0
0,0.2,1537033200.0
0,0.2,1537033500.0
0,0.2,1537033800.0
0,0.2,1537034100.0
0,0.2,1537034400.0
0,0.2,1537034700.0
0,0.1,1537035000.0
0,0.1,1537035300.0
0,0.1,1537035600.0
0,0.1,1537035900.0
0,0.1,1537036200.0
0,0.1,1537036500.0
0,0.2,1537036800.0
0,0.1,1537037100.0
0,0.1,1537037400.0
0,0.1,1537037700.0
0,0.1,1537038000.0
0,0.2,1537038300.0
0,0.2,1537038600.0
0,0.2,1537038900.0
0,0.1,1537039200.0
0,0.1,1537039500.0
0,0.1,1537039800.0
0,0.1,1537040100.0
0,0.0,1537040400.0
0,0.0,1537040700.0
0,0.1,1537041000.0
0,0.0,1537041300.0
0,0.1,1537041600.0
0,0.0,1537041900.0
0,0.0,1537042200.0
0,0.2,1537042500.0
0,0.1,1537042800.0
0,0.0,1537043100.0
0,0.1,1537043400.0
0,0.0,1537043700.0
0,0.0,1537044000.0
0,0.1,1537044300.0
0,0.0,1537044600.0
0,0.0,1537044900.0
0,0.1,1537045200.0
0,0.0,1537045500.0
0,0.1,1537045800.0
0,0.0,1537046100.0
0,0.0,1537046400.0
0,0.1,1537046700.0
0,0.0,1537047000.0
0,0.0,1537047300.0
0,0.0,1537047600.0
0,0.0,1537047900.0
0,0.0,1537048200.0
0,0.1,1537048500.0
0,0.0,1537048800.0
0,0.0,1537049100.0
0,0.0,1537049400.0
0,0.0,1537049700.0
0,0.1,1537050000.0
0,0.1,1537050300.0
0,0.0,1537050600.0
0,0.0,1537050900.0
0,0.1,1537051200.0
0,0.0,1537051500.0
0,0.0,1537051800.0
0,0.0,1537052100.0
0,0.1,1537052400.0
0,0.0,1537052700.0
0,0.0,1537053000.0
0,0.0,1537053300.0
0,0.0,1537053600.0
0,0.0,1537053900.0
0,0.1,1537054200.0
0,0.0,1537054500.0
0,0.0,1537054800.0
0,0.0,1537055100.0
0,0.0,1537055400.0
0,0.0,1537055700.0
0,0.0,1537056000.0
0,0.0,1537056300.0
0,0.0,1537056600.0
0,0.0,1537056900.0
0,0.1,1537057200.0
0,0.1,1537057500.0
0,0.1,1537057800.0
0,0.1,1537058100.0
0,0.1,1537058400.0
0,0.0,1537058700.0
0,0.0,1537059000.0
0,0.0,1537059300.0
0,0.0,1537059600.0
0,0.0,1537059900.0
0,0.0,1537060200.0
0,0.0,1537060500.0
0,0.0,1537060800.0
0,0.0,1537061100.0
0,0.0,1537061400.0
0,0.0,1537061700.0
0,0.0,1537062000.0
0,0.0,1537062300.0
0,0.0,1537062600.0
0,0.1,1537062900.0
0,0.1,1537063200.0
0,0.0,1537063500.0
0,0.1,1537063800.0
0,0.0,1537064100.0
0,0.1,1537064400.0
0,0.0,1537064700.0
0,0.0,1537065000.0
0,0.0,1537065300.0
0,0.0,1537065600.0
0,0.0,1537065900.0
0,0.0,1537066200.0
0,0.0,1537066500.0
0,0.0,1537066800.0
0,0.0,1537067100.0
0,0.0,1537067400.0
0,0.0,1537067700.0
0,0.1,1537068000.0
0,0.2,1537068300.0
0,0.4,1537068600.0
0,0.8,1537068900.0
9,0.9,1537069200.0
97,0.14,1537069500.0
328,0.19,1537069800.0
473,0.29,1537070100.0
768,0.36,1537070400.0
1149,0.42,1537070700.0
1543,0.85,1537071000.0
2039,0.8,1537071300.0
2644,0.55,1537071600.0
3272,0.5,1537071900.0
3875,0.53,1537072200.0
4513,0.66,1537072500.0
5184,1.81,1537072800.0
5855,1.98,1537073100.0
6526,2.12,1537073400.0
7207,2.28,1537073700.0
7973,2.46,1537074000.0
8763,2.65,1537074300.0
9561,2.86,1537074600.0
10177,3.5,1537074900.0
11030,3.29,1537075200.0
11812,3.52,1537075500.0
12489,3.74,1537075800.0
13236,3.95,1537076100.0
13981,4.15,1537076400.0
14858,4.38,1537076700.0
15608,4.59,1537077000.0
16252,4.77,1537077300.0
17189,4.95,1537077600.0
17780,5.8,1537077900.0
18567,5.32,1537078200.0
19471,5.53,1537078500.0
20270,5.75,1537078800.0
21017,5.92,1537079100.0
21672,6.9,1537079400.0
22281,6.3,1537079700.0
23041,6.47,1537080000.0
23561,6.65,1537080300.0
24224,6.84,1537080600.0
24793,7.2,1537080900.0
25369,7.16,1537081200.0
26196,7.45,1537081500.0
27182,7.72,1537081800.0
26970,7.61,1537082100.0
22053,5.92,1537082400.0
22925,7.1,1537082700.0
27965,8.6,1537083000.0
29467,8.35,1537083300.0
30226,8.44,1537083600.0
30610,8.48,1537083900.0
30469,8.36,1537084200.0
30118,8.45,1537084500.0
30486,8.64,1537084800.0
31382,8.92,1537085100.0
32014,9.3,1537085400.0
31968,8.97,1537085700.0
31239,9.9,1537086000.0
32388,8.98,1537086300.0
32047,9.18,1537086600.0
33081,9.42,1537086900.0
33339,9.53,1537087200.0
33330,9.64,1537087500.0
33318,9.51,1537087800.0
33542,9.69,1537088100.0
33279,9.7,1537088400.0
33573,9.76,1537088700.0
33580,9.68,1537089000.0
33869,9.83,1537089300.0
33988,10.1,1537089600.0
34671,10.11,1537089900.0
34992,10.9,1537090200.0
35365,10.35,1537090500.0
32594,10.56,1537090800.0
34645,9.5,1537091100.0
36659,10.58,1537091400.0
29057,3.15,1537091700.0
25715,10.87,1537092000.0
30363,11.16,1537092300.0
22734,3.8,1537092600.0
15734,3.15,1537092900.0
7059,1.72,1537093200.0
6181,1.88,1537093500.0
20084,10.6,1537093800.0
37765,10.21,1537094100.0
35364,6.9,1537094400.0
24595,10.36,1537094700.0
34668,10.58,1537095000.0
23570,5.13,1537095300.0
12247,8.47,1537095600.0
26099,9.6,1537095900.0
29654,3.97,1537096200.0
26488,4.49,1537096500.0
22529,2.11,1537096800.0
8230,2.43,1537097100.0
13092,3.57,1537097400.0
27555,6.96,1537097700.0
26480,5.84,1537098000.0
15811,2.74,1537098300.0
8270,1.88,1537098600.0
5267,1.22,1537098900.0
4125,1.8,1537099200.0
4274,1.17,1537099500.0
5198,1.39,1537099800.0
6228,1.61,1537100100.0
7376,1.89,1537100400.0
8322,2.1,1537100700.0
9041,2.46,1537101000.0
20345,6.6,1537101300.0
13332,2.4,1537101600.0
13816,6.7,1537101900.0
12550,2.27,1537102200.0
9116,2.25,1537102500.0
7810,1.8,1537102800.0
6715,1.63,1537103100.0
7413,3.35,1537103400.0
9454,2.65,1537103700.0
8590,2.7,1537104000.0
7930,1.98,1537104300.0
8677,2.2,1537104600.0
7714,1.84,1537104900.0
6714,1.59,1537105200.0
9173,3.6,1537105500.0
11317,1.77,1537105800.0
8178,3.57,1537106100.0
10412,1.51,1537106400.0
6902,2.33,1537106700.0
9782,1.6,1537107000.0
7982,2.44,1537107300.0
6418,1.26,1537107600.0
4995,1.62,1537107900.0
5082,1.2,1537108200.0
4949,1.58,1537108500.0
4406,1.3,1537108800.0
3795,0.98,1537109100.0
3615,0.83,1537109400.0
3384,0.62,1537109700.0
2663,0.52,1537110000.0
1827,0.42,1537110300.0
1908,0.45,1537110600.0
1851,0.4,1537110900.0
1296,0.3,1537111200.0
838,0.21,1537111500.0
613,0.19,1537111800.0
645,0.24,1537112100.0
532,0.14,1537112400.0
122,0.4,1537112700.0
1,0.2,1537113000.0
0,0.0,1537113300.0
0,0.1,1537113600.0
0,0.1,1537113900.0
0,0.2,1537114200.0
0,0.2,1537114500.0
0,0.1,1537114800.0
0,0.2,1537115100.0
0,0.2,1537115400.0
0,0.3,1537115700.0
0,0.3,1537116000.0
0,0.2,1537116300.0
0,0.3,1537116600.0
0,0.2,1537116900.0
0,0.2,1537117200.0
0,0.2,1537117500.0
0,0.2,1537117800.0
0,0.3,1537118100.0
0,0.2,1537118400.0
0,0.2,1537118700.0
0,0.2,1537119000.0
0,0.2,1537119300.0
0,0.2,1537119600.0
0,0.2,1537119900.0
0,0.2,1537120200.0
0,0.2,1537120500.0
0,0.2,1537120800.0
0,0.2,1537121100.0
0,0.2,1537121400.0
0,0.2,1537121700.0
0,0.2,1537122000.0
0,0.2,1537122300.0
0,0.2,1537122600.0
0,0.2,1537122900.0
0,0.2,1537123200.0
0,0.2,1537123500.0
0,0.1,1537123800.0
0,0.1,1537124100.0
0,0.1,1537124400.0
0,0.2,1537124700.0
0,0.2,1537125000.0
0,0.2,1537125300.0
0,0.2,1537125600.0
0,0.2,1537125900.0
0,0.1,1537126200.0
0,0.1,1537126500.0
0,0.1,1537126800.0
0,0.1,1537127100.0
0,0.1,1537127400.0
0,0.1,1537127700.0
0,0.0,1537128000.0
0,0.0,1537128300.0
0,0.0,1537128600.0
0,0.1,1537128900.0
0,0.1,1537129200.0
0,0.1,1537129500.0
0,0.0,1537129800.0
0,0.0,1537130100.0
0,0.0,1537130400.0
0,0.0,1537130700.0
0,0.0,1537131000.0
0,0.0,1537131300.0
0,0.0,1537131600.0
0,0.0,1537131900.0
0,0.0,1537132200.0
0,0.0,1537132500.0
0,0.0,1537132800.0
0,0.0,1537133100.0
0,0.0,1537133400.0
0,0.0,1537133700.0
0,0.1,1537134000.0
0,0.0,1537134300.0
0,0.0,1537134600.0
0,0.0,1537134900.0
0,0.0,1537135200.0
0,0.0,1537135500.0
0,0.0,1537135800.0
0,0.1,1537136100.0
0,0.0,1537136400.0
0,0.1,1537136700.0
0,0.0,1537137000.0
0,0.0,1537137300.0
0,0.0,1537137600.0
0,0.0,1537137900.0
0,0.0,1537138200.0
0,0.0,1537138500.0
0,0.0,1537138800.0
0,0.0,1537139100.0
0,0.0,1537139400.0
0,0.0,1537139700.0
0,0.1,1537140000.0
0,0.1,1537140300.0
0,0.1,1537140600.0
0,0.1,1537140900.0
0,0.0,1537141200.0
0,0.1,1537141500.0
0,0.1,1537141800.0
0,0.0,1537142100.0
0,0.0,1537142400.0
0,0.1,1537142700.0
0,0.1,1537143000.0
0,0.1,1537143300.0
0,0.1,1537143600.0
0,0.1,1537143900.0
0,0.1,1537144200.0
0,0.0,1537144500.0
0,0.1,1537144800.0
0,0.0,1537145100.0
0,0.1,1537145400.0
0,0.1,1537145700.0
0,0.1,1537146000.0
0,0.0,1537146300.0
0,0.0,1537146600.0
0,0.1,1537146900.0
0,0.0,1537147200.0
0,0.0,1537147500.0
0,0.0,1537147800.0
0,0.0,1537148100.0
0,0.1,1537148400.0
0,0.0,1537148700.0
0,0.0,1537149000.0
0,0.0,1537149300.0
0,0.0,1537149600.0
0,0.0,1537149900.0
0,0.1,1537150200.0
0,0.0,1537150500.0
0,0.0,1537150800.0
0,0.1,1537151100.0
0,0.1,1537151400.0
0,0.0,1537151700.0
0,0.1,1537152000.0
0,0.0,1537152300.0
0,0.1,1537152600.0
0,0.1,1537152900.0
0,0.1,1537153200.0
0,0.1,1537153500.0
0,0.1,1537153800.0
0,0.1,1537154100.0
0,0.1,1537154400.0
0,0.3,1537154700.0
0,0.4,1537155000.0
0,0.6,1537155300.0
0,0.1,1537155600.0
47,0.13,1537155900.0
286,0.18,1537156200.0
424,0.37,1537156500.0
663,0.35,1537156800.0
984,0.37,1537157100.0
1405,0.71,1537157400.0
1920,0.45,1537157700.0
2495,0.45,1537158000.0
3098,0.49,1537158300.0
3680,0.51,1537158600.0
4168,0.81,1537158900.0
4277,1.1,1537159200.0
5626,1.98,1537159500.0
6437,2.14,1537159800.0
7234,2.34,1537160100.0
8037,2.5,1537160400.0
8787,2.71,1537160700.0
9496,2.91,1537161000.0
10260,3.9,1537161300.0
10929,3.31,1537161600.0
11676,3.52,1537161900.0
12315,3.71,1537162200.0
13081,3.94,1537162500.0
13891,4.18,1537162800.0
14682,4.37,1537163100.0
15500,4.63,1537163400.0
16313,4.76,1537163700.0
17161,4.92,1537164000.0
17983,5.14,1537164300.0
18449,5.29,1537164600.0
19309,5.44,1537164900.0
19971,5.71,1537165200.0
20387,5.84,1537165500.0
21322,6.5,1537165800.0
22198,6.22,1537166100.0
22977,6.44,1537166400.0
23455,6.53,1537166700.0
24068,6.83,1537167000.0
24730,6.98,1537167300.0
25559,7.11,1537167600.0
25823,7.2,1537167900.0
26304,7.5,1537168200.0
27622,7.62,1537168500.0
27665,7.74,1537168800.0
27801,7.61,1537169100.0
28700,8.15,1537169400.0
29611,8.32,1537169700.0
30185,8.36,1537170000.0
30435,8.58,1537170300.0
30934,8.61,1537170600.0
31061,8.65,1537170900.0
31215,8.66,1537171200.0
32075,9.24,1537171500.0
31900,8.82,1537171800.0
32828,9.9,1537172100.0
32786,9.44,1537172400.0
32171,9.79,1537172700.0
34169,5.2,1537173000.0
26882,4.39,1537173300.0
28734,9.76,1537173600.0
34923,10.55,1537173900.0
27766,2.42,1537174200.0
10749,7.23,1537174500.0
28699,2.17,1537174800.0
8453,1.83,1537175100.0
27194,10.0,1537175400.0
36373,10.2,1537175700.0
37733,10.88,1537176000.0
40257,11.62,1537176300.0
35813,10.48,1537176600.0
17788,3.31,1537176900.0
12079,3.12,1537177200.0
13259,3.54,1537177500.0
14152,3.42,1537177800.0
11770,2.57,1537178100.0
10446,2.56,1537178400.0
11502,2.79,1537178700.0
12063,2.87,1537179000.0
12381,3.1,1537179300.0
13342,3.17,1537179600.0
17191,5.97,1537179900.0
23514,4.94,1537180200.0
17718,3.83,1537180500.0
13896,3.31,1537180800.0
12736,2.84,1537181100.0
11016,2.78,1537181400.0
15506,3.71,1537181700.0
15122,4.29,1537182000.0
13849,2.85,1537182300.0
10835,2.65,1537182600.0
10888,2.74,1537182900.0
11684,3.9,1537183200.0
13928,3.68,1537183500.0
17620,4.7,1537183800.0
22043,3.34,1537184100.0
12374,1.8,1537184400.0
5255,1.22,1537184700.0
